outcome,specification,term,estimate,se,p,equality_p,observations,clusters
ln_parados,baseline,dose_adjustment,.012061944129354,.0058768885,.040646177,.48611888,31122,502
ln_parados,baseline,dose_later,.0168132599278554,.011641335,.14928739,.48611888,31122,502
ln_parados,phase_controls,dose_adjustment,.0102389138689447,.0057812654,.077160202,.74164051,31122,502
ln_parados,phase_controls,dose_later,.0124734346839027,.011432813,.27578825,.74164051,31122,502
ln_parados,month_fe,dose_adjustment,.0102397322909573,.0057927431,.077722587,.74218369,31122,502
ln_parados,month_fe,dose_later,.0124737694292943,.011455392,.27672175,.74218369,31122,502
ln_contratos,baseline,dose_adjustment,.0144644656032463,.0089187641,.10547494,.80655581,30786,502
ln_contratos,baseline,dose_later,.0129039305565127,.011233483,.25122678,.80655581,30786,502
ln_contratos,phase_controls,dose_adjustment,.019296425126133,.0087079573,.027143354,.97504777,30786,502
ln_contratos,phase_controls,dose_later,.0190874688260903,.011405232,.094839096,.97504777,30786,502
ln_contratos,month_fe,dose_adjustment,.0192040975730556,.0087193139,.028086277,.97123414,30786,502
ln_contratos,month_fe,dose_later,.0189631207584991,.011418102,.097380377,.97123414,30786,502
