specification,outcome,tier,phase,estimate,se,ci_low,ci_high,equality_p,observations,clusters,pretrend_joint_null_p
jev_tiers_benchmark,ln_parados,1,adjustment,-0.0574238624804475,0.025827199,-0.10816683,-0.0066808984,0.12612844,31122,502,2.82684531506e-06
jev_tiers_benchmark,ln_parados,1,later,-0.1218328508750502,0.052172758,-0.22433721,-0.019328494,0.12612844,31122,502,2.82684531506e-06
jev_tiers_benchmark,ln_parados,2,adjustment,-0.0515595731274756,0.026134526,-0.10290635,-0.00021279861,0.12612844,31122,502,2.82684531506e-06
jev_tiers_benchmark,ln_parados,2,later,-0.0998748333878433,0.051309768,-0.20068367,0.00093399419,0.12612844,31122,502,2.82684531506e-06
jev_tiers_cno1_month,ln_parados,1,adjustment,-0.0012016705691399,0.041474819,-0.082687676,0.080284335,0.011754249,31122,502,0.0006465894678559
jev_tiers_cno1_month,ln_parados,1,later,-0.0219848502350107,0.083596669,-0.1862281,0.14225839,0.011754249,31122,502,0.0006465894678559
jev_tiers_cno1_month,ln_parados,2,adjustment,-0.0361374581805183,0.039495282,-0.11373425,0.041459329,0.011754249,31122,502,0.0006465894678559
jev_tiers_cno1_month,ln_parados,2,later,-0.0971889554427682,0.078466855,-0.25135359,0.056975681,0.011754249,31122,502,0.0006465894678559
jev_tiers_cno1_month_no2021,ln_parados,1,adjustment,-0.031040311940168,0.036703065,-0.1031512,0.04107058,0.011749764,25600,502,0.4753633831022013
jev_tiers_cno1_month_no2021,ln_parados,1,later,-0.0518173079196648,0.078857109,-0.20674868,0.10311406,0.011749764,25600,502,0.4753633831022013
jev_tiers_cno1_month_no2021,ln_parados,2,adjustment,-0.0561181324065082,0.035074897,-0.12503015,0.012793883,0.011749764,25600,502,0.4753633831022013
jev_tiers_cno1_month_no2021,ln_parados,2,later,-0.1171717254296245,0.073812634,-0.26219219,0.027848724,0.011749764,25600,502,0.4753633831022013
jev_tiers_benchmark,ln_contratos,1,adjustment,-0.2214042229549253,0.032460384,-0.28517947,-0.15762897,0.45321673,30787,502,2.37581698327e-06
jev_tiers_benchmark,ln_contratos,1,later,-0.2058786593357055,0.045331772,-0.29494247,-0.11681486,0.45321673,30787,502,2.37581698327e-06
jev_tiers_benchmark,ln_contratos,2,adjustment,-0.1058859883546333,0.030824017,-0.16644625,-0.045325726,0.45321673,30787,502,2.37581698327e-06
jev_tiers_benchmark,ln_contratos,2,later,-0.0749873558034077,0.044669382,-0.16274975,0.01277504,0.45321673,30787,502,2.37581698327e-06
jev_tiers_cno1_month,ln_contratos,1,adjustment,-0.1347332475806448,0.050388094,-0.23373125,-0.035735242,0.33454409,30786,502,0.0368640228089644
jev_tiers_cno1_month,ln_contratos,1,later,-0.1086538130816626,0.072471999,-0.25104031,0.033732671,0.33454409,30786,502,0.0368640228089644
jev_tiers_cno1_month,ln_contratos,2,adjustment,-0.0776675307143698,0.044619702,-0.16533232,0.0099972608,0.33454409,30786,502,0.0368640228089644
jev_tiers_cno1_month,ln_contratos,2,later,-0.0293443201866637,0.066766903,-0.16052194,0.1018333,0.33454409,30786,502,0.0368640228089644
jev_tiers_cno1_month_no2021,ln_contratos,1,adjustment,-0.0885951932107525,0.045469806,-0.17793019,0.00073980482,0.33965874,25317,502,0.048941529647085
jev_tiers_cno1_month_no2021,ln_contratos,1,later,-0.0631249745551979,0.076783709,-0.21398272,0.087732762,0.33965874,25317,502,0.048941529647085
jev_tiers_cno1_month_no2021,ln_contratos,2,adjustment,-0.0669040760865039,0.041986682,-0.14939575,0.015587592,0.33965874,25317,502,0.048941529647085
jev_tiers_cno1_month_no2021,ln_contratos,2,later,-0.0193041999842446,0.071921922,-0.16060995,0.12200155,0.33965874,25317,502,0.048941529647085
