specification,outcome,tier,event_time,estimate,se,ci_low,ci_high,observations,clusters
jev_tiers_cno1_month,ln_parados,2,-21,-0.0829950298149522,0.045769829,-0.17270389,0.0067138346,31122,502
jev_tiers_cno1_month,ln_parados,2,-20,-0.0838474614593215,0.044243839,-0.17056538,0.0028704649,31122,502
jev_tiers_cno1_month,ln_parados,2,-19,-0.0732907110775354,0.042521849,-0.15663354,0.010052117,31122,502
jev_tiers_cno1_month,ln_parados,2,-18,-0.0545546577685075,0.042617723,-0.1380854,0.028976081,31122,502
jev_tiers_cno1_month,ln_parados,2,-17,-0.0477874658362623,0.044271801,-0.1345602,0.038985264,31122,502
jev_tiers_cno1_month,ln_parados,2,-16,-0.0360509903238616,0.040222306,-0.11488671,0.042784728,31122,502
jev_tiers_cno1_month,ln_parados,2,-15,-0.0260817732835005,0.038923889,-0.10237259,0.050209049,31122,502
jev_tiers_cno1_month,ln_parados,2,-14,-0.0348334591650477,0.032359332,-0.09825775,0.028590832,31122,502
jev_tiers_cno1_month,ln_parados,2,-13,-0.0159751153594619,0.030695803,-0.076138891,0.04418866,31122,502
jev_tiers_cno1_month,ln_parados,2,-12,-0.0042869335747254,0.02878671,-0.060708884,0.052135017,31122,502
jev_tiers_cno1_month,ln_parados,2,-11,-0.0034882235637669,0.031822756,-0.065860823,0.058884375,31122,502
jev_tiers_cno1_month,ln_parados,2,-10,-0.0236394430433147,0.026948314,-0.076458141,0.029179253,31122,502
jev_tiers_cno1_month,ln_parados,2,-9,-0.0287558008289669,0.024191417,-0.076170981,0.018659377,31122,502
jev_tiers_cno1_month,ln_parados,2,-8,-0.0286425396620548,0.023286052,-0.074283198,0.016998122,31122,502
jev_tiers_cno1_month,ln_parados,2,-7,-0.0136869995546513,0.023779282,-0.060294393,0.032920394,31122,502
jev_tiers_cno1_month,ln_parados,2,-6,-0.0067350636707251,0.023252239,-0.052309453,0.038839325,31122,502
jev_tiers_cno1_month,ln_parados,2,-5,0.0041215419577856,0.034367457,-0.063238673,0.071481757,31122,502
jev_tiers_cno1_month,ln_parados,2,-4,0.0057225581234408,0.027723428,-0.048615362,0.060060479,31122,502
jev_tiers_cno1_month,ln_parados,2,-3,0.0352449012627847,0.025156744,-0.014062317,0.084552117,31122,502
jev_tiers_cno1_month,ln_parados,2,-2,0.0166973263567521,0.018189769,-0.018954623,0.052349277,31122,502
jev_tiers_cno1_month,ln_parados,2,-1,0.0,0.0,0.0,0.0,31122,502
jev_tiers_cno1_month,ln_parados,2,0,-0.0031676266256224,0.013699138,-0.030017937,0.023682684,31122,502
jev_tiers_cno1_month,ln_parados,2,1,-0.0027195689460179,0.018817049,-0.039600987,0.034161847,31122,502
jev_tiers_cno1_month,ln_parados,2,2,0.0105935836230569,0.022606507,-0.03371517,0.054902337,31122,502
jev_tiers_cno1_month,ln_parados,2,3,-0.0063026794027824,0.025919361,-0.057104625,0.044499267,31122,502
jev_tiers_cno1_month,ln_parados,2,4,-0.0264455582030923,0.022513768,-0.070572548,0.017681427,31122,502
jev_tiers_cno1_month,ln_parados,2,5,-0.035636907178453,0.025465276,-0.085548848,0.014275035,31122,502
jev_tiers_cno1_month,ln_parados,2,6,-0.0658877400741169,0.030195814,-0.12507154,-0.0067039439,31122,502
jev_tiers_cno1_month,ln_parados,2,7,-0.074079919454053,0.038626369,-0.1497876,0.0016277607,31122,502
jev_tiers_cno1_month,ln_parados,2,8,-0.0557187280573046,0.038627237,-0.13142812,0.01999066,31122,502
jev_tiers_cno1_month,ln_parados,2,9,-0.0448355373422463,0.037588347,-0.1185087,0.028837619,31122,502
jev_tiers_cno1_month,ln_parados,2,10,-0.0348631866705704,0.03298619,-0.099516116,0.029789746,31122,502
jev_tiers_cno1_month,ln_parados,2,11,-0.0604743338263154,0.031338766,-0.12189832,0.00094964879,31122,502
jev_tiers_cno1_month,ln_parados,2,12,-0.0670004433578534,0.032211054,-0.13013411,-0.0038667738,31122,502
jev_tiers_cno1_month,ln_parados,2,13,-0.0606599503787102,0.030186143,-0.11982479,-0.0014951123,31122,502
jev_tiers_cno1_month,ln_parados,2,14,-0.0567358168170811,0.030743597,-0.11699326,0.0035216331,31122,502
jev_tiers_cno1_month,ln_parados,2,15,-0.0575458939836132,0.037872098,-0.1317752,0.016683416,31122,502
jev_tiers_cno1_month,ln_parados,2,16,-0.0898399139960328,0.043107074,-0.17432979,-0.0053500473,31122,502
jev_tiers_cno1_month,ln_parados,2,17,-0.0810481185232494,0.046358291,-0.17191036,0.0098141301,31122,502
jev_tiers_cno1_month,ln_parados,2,18,-0.0986360716446099,0.050452929,-0.19752382,0.0002516681,31122,502
jev_tiers_cno1_month,ln_parados,2,19,-0.0839203147525304,0.05058815,-0.18307309,0.015232456,31122,502
jev_tiers_cno1_month,ln_parados,2,20,-0.1047685880915717,0.056703988,-0.21590841,0.0063712327,31122,502
jev_tiers_cno1_month,ln_parados,2,21,-0.1025802318060374,0.055937033,-0.21221681,0.0070563504,31122,502
jev_tiers_cno1_month,ln_parados,2,22,-0.0891617862734374,0.057853434,-0.20255452,0.024230946,31122,502
jev_tiers_cno1_month,ln_parados,2,23,-0.0941461703429427,0.058340121,-0.20849282,0.020200469,31122,502
jev_tiers_cno1_month,ln_parados,2,24,-0.1164337550530203,0.058880772,-0.23184006,-0.0010274443,31122,502
jev_tiers_cno1_month,ln_parados,2,25,-0.120586015811637,0.06108053,-0.24030386,-0.00086817384,31122,502
jev_tiers_cno1_month,ln_parados,2,26,-0.1195273872734536,0.063441478,-0.24387269,0.0048179133,31122,502
jev_tiers_cno1_month,ln_parados,2,27,-0.1122311672547178,0.061914593,-0.23358378,0.0091214376,31122,502
jev_tiers_cno1_month,ln_parados,2,28,-0.1275180703501921,0.064015247,-0.25298795,-0.0020481795,31122,502
jev_tiers_cno1_month,ln_parados,2,29,-0.1485277650598522,0.064837351,-0.27560899,-0.021446554,31122,502
jev_tiers_cno1_month,ln_parados,2,30,-0.1482692130262862,0.066507824,-0.27862453,-0.017913882,31122,502
jev_tiers_cno1_month,ln_parados,2,31,-0.1380157766407658,0.069930799,-0.27508014,-0.00095141068,31122,502
jev_tiers_cno1_month,ln_parados,2,32,-0.1201024964651796,0.070916131,-0.25909811,0.018893128,31122,502
jev_tiers_cno1_month,ln_parados,2,33,-0.0660994651245571,0.070117369,-0.20352951,0.07133057,31122,502
jev_tiers_cno1_month,ln_parados,2,34,-0.0683538622574501,0.071701609,-0.20888902,0.072181292,31122,502
jev_tiers_cno1_month,ln_parados,2,35,-0.1065609432569403,0.072636083,-0.24892767,0.035805777,31122,502
jev_tiers_cno1_month,ln_parados,2,36,-0.1242744344445574,0.074258797,-0.26982167,0.021272814,31122,502
jev_tiers_cno1_month,ln_parados,2,37,-0.1397760463546089,0.074427396,-0.28565374,0.0061016479,31122,502
jev_tiers_cno1_month,ln_parados,2,38,-0.1212873479586082,0.07460814,-0.2675193,0.024944611,31122,502
jev_tiers_cno1_month,ln_parados,2,39,-0.1272047711882366,0.074555099,-0.27333277,0.018923229,31122,502
jev_tiers_cno1_month,ln_parados,2,40,-0.1498056319640879,0.076124251,-0.29900917,-0.00060209888,31122,502
