specification,outcome,tier,event_time,estimate,se,ci_low,ci_high,observations,clusters
jev_tiers_benchmark,ln_contratos,1,-21,.3051433282970612,.10490448,.09953054,.51075613,30787,502
jev_tiers_benchmark,ln_contratos,1,-20,.1982296310133681,.077727698,.045883343,.35057592,30787,502
jev_tiers_benchmark,ln_contratos,1,-19,.2128761735577187,.077475592,.06102401,.36472833,30787,502
jev_tiers_benchmark,ln_contratos,1,-18,.1566006077252623,.082904927,-.0058930484,.31909427,30787,502
jev_tiers_benchmark,ln_contratos,1,-17,.0744655063098426,.077788278,-.077999517,.22693053,30787,502
jev_tiers_benchmark,ln_contratos,1,-16,.0920128032928805,.086183451,-.076906763,.26093236,30787,502
jev_tiers_benchmark,ln_contratos,1,-15,.0729069496517244,.087003298,-.097619519,.24343342,30787,502
jev_tiers_benchmark,ln_contratos,1,-14,.044183994127633,.061633561,-.076617785,.16498578,30787,502
jev_tiers_benchmark,ln_contratos,1,-13,.1135031099735897,.058494322,-.0011457596,.22815198,30787,502
jev_tiers_benchmark,ln_contratos,1,-12,.2242674463283488,.067771442,.091435418,.35709947,30787,502
jev_tiers_benchmark,ln_contratos,1,-11,.0650103173678893,.071438655,-.075009443,.20503007,30787,502
jev_tiers_benchmark,ln_contratos,1,-10,.1047152945445353,.075227968,-.04273152,.2521621,30787,502
jev_tiers_benchmark,ln_contratos,1,-9,.1694121408052317,.06918072,.033817925,.30500636,30787,502
jev_tiers_benchmark,ln_contratos,1,-8,.0376538777776162,.078012981,-.11525157,.19055933,30787,502
jev_tiers_benchmark,ln_contratos,1,-7,.0210719042587069,.079454243,-.13465841,.17680222,30787,502
jev_tiers_benchmark,ln_contratos,1,-6,.1168044965119748,.073575087,-.027402679,.26101166,30787,502
jev_tiers_benchmark,ln_contratos,1,-5,.0365346935205949,.088743754,-.13740307,.21047245,30787,502
jev_tiers_benchmark,ln_contratos,1,-4,-.0902881445796719,.085415922,-.25770336,.077127069,30787,502
jev_tiers_benchmark,ln_contratos,1,-3,-.1479507818497733,.097666651,-.3393774,.043475848,30787,502
jev_tiers_benchmark,ln_contratos,1,-2,-.1223426036307369,.072962999,-.26535007,.020664878,30787,502
jev_tiers_benchmark,ln_contratos,1,-1,0,0,0,0,30787,502
jev_tiers_benchmark,ln_contratos,1,0,-.0265906437525154,.05719994,-.13870253,.085521236,30787,502
jev_tiers_benchmark,ln_contratos,1,1,-.0255817525894537,.069181778,-.16117804,.11001453,30787,502
jev_tiers_benchmark,ln_contratos,1,2,-.0739604119915308,.065838493,-.20300385,.055083033,30787,502
jev_tiers_benchmark,ln_contratos,1,3,-.1028104676570009,.063988663,-.22822826,.022607313,30787,502
jev_tiers_benchmark,ln_contratos,1,4,-.0385464175642255,.072542556,-.18072982,.10363699,30787,502
jev_tiers_benchmark,ln_contratos,1,5,-.1101749135360943,.076608263,-.2603271,.039977279,30787,502
jev_tiers_benchmark,ln_contratos,1,6,-.0943459081721027,.068785742,-.22916597,.040474154,30787,502
jev_tiers_benchmark,ln_contratos,1,7,-.173916669181054,.084003933,-.33856437,-.0092689637,30787,502
jev_tiers_benchmark,ln_contratos,1,8,-.2909129690247484,.095582187,-.47825405,-.10357188,30787,502
jev_tiers_benchmark,ln_contratos,1,9,-.1835524864126469,.08988481,-.35972673,-.0073782541,30787,502
jev_tiers_benchmark,ln_contratos,1,10,-.2125122971729797,.071560852,-.35277158,-.072253019,30787,502
jev_tiers_benchmark,ln_contratos,1,11,-.1718818803712742,.060005087,-.28949186,-.054271907,30787,502
jev_tiers_benchmark,ln_contratos,1,12,-.0729080443346911,.069290876,-.20871815,.062902071,30787,502
jev_tiers_benchmark,ln_contratos,1,13,-.1291032621688408,.083268881,-.29231027,.034103747,30787,502
jev_tiers_benchmark,ln_contratos,1,14,-.1668474366443343,.072561786,-.30906853,-.024626331,30787,502
jev_tiers_benchmark,ln_contratos,1,15,-.2069749674302676,.061574556,-.3276611,-.086288832,30787,502
jev_tiers_benchmark,ln_contratos,1,16,-.131365325459193,.060456343,-.24985975,-.012870897,30787,502
jev_tiers_benchmark,ln_contratos,1,17,-.1669326106022376,.060668342,-.28584257,-.048022661,30787,502
jev_tiers_benchmark,ln_contratos,1,18,-.1561778195182245,.064909242,-.28339994,-.0289557,30787,502
jev_tiers_benchmark,ln_contratos,1,19,-.1096751397026147,.080042645,-.26655874,.047208451,30787,502
jev_tiers_benchmark,ln_contratos,1,20,-.2521178577171224,.080823399,-.41053173,-.093704,30787,502
jev_tiers_benchmark,ln_contratos,1,21,-.2169284543087161,.084201582,-.38196355,-.05189335,30787,502
jev_tiers_benchmark,ln_contratos,1,22,-.2140240311004631,.07504268,-.36110768,-.066940382,30787,502
jev_tiers_benchmark,ln_contratos,1,23,-.1015547128683273,.056313612,-.2119294,.0088199629,30787,502
jev_tiers_benchmark,ln_contratos,1,24,-.1106239021404961,.069709286,-.2472541,.026006293,30787,502
jev_tiers_benchmark,ln_contratos,1,25,-.1656996300018138,.086421378,-.33508554,.003686269,30787,502
jev_tiers_benchmark,ln_contratos,1,26,-.126818333350241,.068513416,-.26110461,.0074679549,30787,502
jev_tiers_benchmark,ln_contratos,1,27,-.1173162994632665,.062647901,-.24010618,.0054735877,30787,502
jev_tiers_benchmark,ln_contratos,1,28,-.2047170680130381,.076391332,-.35444409,-.054990064,30787,502
jev_tiers_benchmark,ln_contratos,1,29,-.1238550894683504,.089744717,-.29975474,.052044556,30787,502
jev_tiers_benchmark,ln_contratos,1,30,-.1016942487692495,.076772995,-.25216931,.048780821,30787,502
jev_tiers_benchmark,ln_contratos,1,31,-.0659698870146355,.079163797,-.22113094,.089191161,30787,502
jev_tiers_benchmark,ln_contratos,1,32,-.1613077321137421,.093165837,-.34391278,.021297315,30787,502
jev_tiers_benchmark,ln_contratos,1,33,-.1476174320009726,.091335207,-.32663444,.031399582,30787,502
jev_tiers_benchmark,ln_contratos,1,34,-.2038487934492853,.066013426,-.33323511,-.074462473,30787,502
jev_tiers_benchmark,ln_contratos,1,35,-.0273337315946573,.074305989,-.17297347,.11830601,30787,502
jev_tiers_benchmark,ln_contratos,1,36,-.0918404677323734,.064075984,-.2174294,.033748467,30787,502
jev_tiers_benchmark,ln_contratos,1,37,-.1610039978185424,.079422794,-.31667268,-.005335317,30787,502
jev_tiers_benchmark,ln_contratos,1,38,-.1259568185879042,.07189294,-.26686698,.01495334,30787,502
jev_tiers_benchmark,ln_contratos,1,39,-.1292844287536262,.072801821,-.27197599,.013407141,30787,502
jev_tiers_benchmark,ln_contratos,1,40,-.0594285624190089,.078696892,-.21367447,.09481734,30787,502
jev_tiers_benchmark,ln_contratos,2,-21,.0453193082863249,.10763562,-.16564652,.25628513,30787,502
jev_tiers_benchmark,ln_contratos,2,-20,-.0159403009370686,.079269409,-.17130834,.13942774,30787,502
jev_tiers_benchmark,ln_contratos,2,-19,-.0160525194590913,.078679688,-.17026472,.13815968,30787,502
jev_tiers_benchmark,ln_contratos,2,-18,-.0659197272944363,.082996361,-.22859259,.096753135,30787,502
jev_tiers_benchmark,ln_contratos,2,-17,-.0703823683690667,.080454983,-.22807413,.087309398,30787,502
jev_tiers_benchmark,ln_contratos,2,-16,-.0753953777038844,.088819556,-.24948171,.098690957,30787,502
jev_tiers_benchmark,ln_contratos,2,-15,-.1504612178237431,.090749197,-.32832965,.027407208,30787,502
jev_tiers_benchmark,ln_contratos,2,-14,-.0370200615038734,.0605838,-.15576431,.081724189,30787,502
jev_tiers_benchmark,ln_contratos,2,-13,.0119032548031791,.057357311,-.10051708,.12432359,30787,502
jev_tiers_benchmark,ln_contratos,2,-12,.0724498100179195,.068641767,-.062088061,.20698768,30787,502
jev_tiers_benchmark,ln_contratos,2,-11,-.0708189865629252,.073921874,-.21570586,.074067891,30787,502
jev_tiers_benchmark,ln_contratos,2,-10,-.0588539709716424,.077105962,-.20998167,.09227372,30787,502
jev_tiers_benchmark,ln_contratos,2,-9,.0541039602866633,.07018622,-.083461039,.19166896,30787,502
jev_tiers_benchmark,ln_contratos,2,-8,-.0258983231570487,.079418376,-.18155834,.1297617,30787,502
jev_tiers_benchmark,ln_contratos,2,-7,-.0618346490265866,.080114983,-.21886002,.095190719,30787,502
jev_tiers_benchmark,ln_contratos,2,-6,.0083148863332147,.074967206,-.13862082,.15525061,30787,502
jev_tiers_benchmark,ln_contratos,2,-5,-.03683475958893,.091529377,-.21623233,.14256281,30787,502
jev_tiers_benchmark,ln_contratos,2,-4,-.1685643907169196,.088392697,-.34181407,.0046852934,30787,502
jev_tiers_benchmark,ln_contratos,2,-3,-.2607811638425626,.10151835,-.45975712,-.061805207,30787,502
jev_tiers_benchmark,ln_contratos,2,-2,-.1323267720007617,.073331445,-.27605641,.011402857,30787,502
jev_tiers_benchmark,ln_contratos,2,-1,0,0,0,0,30787,502
jev_tiers_benchmark,ln_contratos,2,0,-.0870603350439945,.059795503,-.20425951,.030138846,30787,502
jev_tiers_benchmark,ln_contratos,2,1,-.081475143663235,.072332993,-.22324781,.060297526,30787,502
jev_tiers_benchmark,ln_contratos,2,2,-.1640862131373584,.069242269,-.29980105,-.028371371,30787,502
jev_tiers_benchmark,ln_contratos,2,3,-.0979069503515382,.06725359,-.22972399,.033910092,30787,502
jev_tiers_benchmark,ln_contratos,2,4,-.111353118042033,.075747482,-.2598182,.037111953,30787,502
jev_tiers_benchmark,ln_contratos,2,5,-.1492357025360589,.078913264,-.3039057,.0054342947,30787,502
jev_tiers_benchmark,ln_contratos,2,6,-.1349518429900989,.072170988,-.27640697,.0065032882,30787,502
jev_tiers_benchmark,ln_contratos,2,7,-.1989698523419374,.088763371,-.37294605,-.024993651,30787,502
jev_tiers_benchmark,ln_contratos,2,8,-.2978904723759139,.099083915,-.49209493,-.103686,30787,502
jev_tiers_benchmark,ln_contratos,2,9,-.2522406198381089,.095539704,-.43949845,-.064982794,30787,502
jev_tiers_benchmark,ln_contratos,2,10,-.1847157240015297,.072499745,-.32681522,-.042616218,30787,502
jev_tiers_benchmark,ln_contratos,2,11,-.1264864009352265,.060498174,-.24506281,-.0079099815,30787,502
jev_tiers_benchmark,ln_contratos,2,12,-.1166766768963894,.071182176,-.25619373,.022840386,30787,502
jev_tiers_benchmark,ln_contratos,2,13,-.1518816890987127,.087478235,-.32333902,.019575648,30787,502
jev_tiers_benchmark,ln_contratos,2,14,-.1950688253833049,.074600428,-.34128568,-.048851989,30787,502
jev_tiers_benchmark,ln_contratos,2,15,-.165225147539994,.065206431,-.29302976,-.037420537,30787,502
jev_tiers_benchmark,ln_contratos,2,16,-.1310285840536568,.061359558,-.25129333,-.010763848,30787,502
jev_tiers_benchmark,ln_contratos,2,17,-.1524326837065806,.063710012,-.27730429,-.027561067,30787,502
jev_tiers_benchmark,ln_contratos,2,18,-.1717168156976361,.067252435,-.30353159,-.039902043,30787,502
jev_tiers_benchmark,ln_contratos,2,19,-.0912620836489317,.087010399,-.26180246,.079278305,30787,502
jev_tiers_benchmark,ln_contratos,2,20,-.2628830006660816,.084473394,-.42845085,-.097315155,30787,502
jev_tiers_benchmark,ln_contratos,2,21,-.2490397161504098,.089828961,-.42510447,-.072974958,30787,502
jev_tiers_benchmark,ln_contratos,2,22,-.1666905814016743,.077247836,-.31809634,-.01528482,30787,502
jev_tiers_benchmark,ln_contratos,2,23,-.0729360787312737,.057417635,-.18547465,.039602488,30787,502
jev_tiers_benchmark,ln_contratos,2,24,-.1003859765147868,.070208259,-.23799416,.037222207,30787,502
jev_tiers_benchmark,ln_contratos,2,25,-.1522505720983555,.088279642,-.32527867,.020777525,30787,502
jev_tiers_benchmark,ln_contratos,2,26,-.1572666193343244,.070215806,-.2948896,-.019643646,30787,502
jev_tiers_benchmark,ln_contratos,2,27,-.0894973248174119,.065827161,-.21851856,.039523911,30787,502
jev_tiers_benchmark,ln_contratos,2,28,-.1999188791565523,.078628898,-.35403153,-.045806237,30787,502
jev_tiers_benchmark,ln_contratos,2,29,-.1277293736775066,.092415713,-.30886418,.053405419,30787,502
jev_tiers_benchmark,ln_contratos,2,30,-.1146931169740018,.078724794,-.26899371,.039607484,30787,502
jev_tiers_benchmark,ln_contratos,2,31,-.0636106884628807,.082907468,-.22610933,.09888795,30787,502
jev_tiers_benchmark,ln_contratos,2,32,-.1762383236770136,.098086387,-.36848766,.016010994,30787,502
jev_tiers_benchmark,ln_contratos,2,33,-.1964639996696484,.096295893,-.38520396,-.0077240523,30787,502
jev_tiers_benchmark,ln_contratos,2,34,-.1357055809918009,.065942116,-.26495212,-.0064590327,30787,502
jev_tiers_benchmark,ln_contratos,2,35,-.0254385613535052,.076767027,-.17590193,.12502481,30787,502
jev_tiers_benchmark,ln_contratos,2,36,-.0875853900625128,.067944683,-.22075698,.045586195,30787,502
jev_tiers_benchmark,ln_contratos,2,37,-.1444813634202425,.081504405,-.30423,.01526727,30787,502
jev_tiers_benchmark,ln_contratos,2,38,-.1693953477039973,.075566925,-.31750652,-.021284174,30787,502
jev_tiers_benchmark,ln_contratos,2,39,-.1130453173715726,.07546439,-.26095554,.034864895,30787,502
jev_tiers_benchmark,ln_contratos,2,40,-.0534955166090546,.079806238,-.20991574,.10292471,30787,502
