specification,outcome,dosevar,event_time,estimate,se,ci_low,ci_high,observations,clusters
jev_nearest_cno1_month_no2021,ln_contratos,exposure_jev_nearest_10pp,-21,,,,,25317,502
jev_nearest_cno1_month_no2021,ln_contratos,exposure_jev_nearest_10pp,-20,,,,,25317,502
jev_nearest_cno1_month_no2021,ln_contratos,exposure_jev_nearest_10pp,-19,,,,,25317,502
jev_nearest_cno1_month_no2021,ln_contratos,exposure_jev_nearest_10pp,-18,,,,,25317,502
jev_nearest_cno1_month_no2021,ln_contratos,exposure_jev_nearest_10pp,-17,,,,,25317,502
jev_nearest_cno1_month_no2021,ln_contratos,exposure_jev_nearest_10pp,-16,,,,,25317,502
jev_nearest_cno1_month_no2021,ln_contratos,exposure_jev_nearest_10pp,-15,,,,,25317,502
jev_nearest_cno1_month_no2021,ln_contratos,exposure_jev_nearest_10pp,-14,,,,,25317,502
jev_nearest_cno1_month_no2021,ln_contratos,exposure_jev_nearest_10pp,-13,,,,,25317,502
jev_nearest_cno1_month_no2021,ln_contratos,exposure_jev_nearest_10pp,-12,,,,,25317,502
jev_nearest_cno1_month_no2021,ln_contratos,exposure_jev_nearest_10pp,-11,,,,,25317,502
jev_nearest_cno1_month_no2021,ln_contratos,exposure_jev_nearest_10pp,-10,.0001240534227292,.014184444,-.027677458,.027925564,25317,502
jev_nearest_cno1_month_no2021,ln_contratos,exposure_jev_nearest_10pp,-9,.0182219885755331,.012064578,-.0054245847,.04186856,25317,502
jev_nearest_cno1_month_no2021,ln_contratos,exposure_jev_nearest_10pp,-8,.0017083911871182,.012978384,-.023729241,.027146023,25317,502
jev_nearest_cno1_month_no2021,ln_contratos,exposure_jev_nearest_10pp,-7,.017082569045471,.016669499,-.015589649,.049754787,25317,502
jev_nearest_cno1_month_no2021,ln_contratos,exposure_jev_nearest_10pp,-6,.0060503169150216,.013384769,-.02018383,.032284465,25317,502
jev_nearest_cno1_month_no2021,ln_contratos,exposure_jev_nearest_10pp,-5,.0063980079689361,.013682837,-.020420352,.033216368,25317,502
jev_nearest_cno1_month_no2021,ln_contratos,exposure_jev_nearest_10pp,-4,-.0302273310545863,.016020674,-.06162785,.0011731887,25317,502
jev_nearest_cno1_month_no2021,ln_contratos,exposure_jev_nearest_10pp,-3,-.0304289206282248,.017232176,-.064203985,.0033461433,25317,502
jev_nearest_cno1_month_no2021,ln_contratos,exposure_jev_nearest_10pp,-2,.0023649584489598,.012085125,-.021321887,.026051804,25317,502
jev_nearest_cno1_month_no2021,ln_contratos,exposure_jev_nearest_10pp,-1,0,0,0,0,25317,502
jev_nearest_cno1_month_no2021,ln_contratos,exposure_jev_nearest_10pp,0,.0044231139817917,.0089800525,-.013177788,.022024017,25317,502
jev_nearest_cno1_month_no2021,ln_contratos,exposure_jev_nearest_10pp,1,.0001895401613833,.012937976,-.025168894,.025547974,25317,502
jev_nearest_cno1_month_no2021,ln_contratos,exposure_jev_nearest_10pp,2,.015066149604434,.011850934,-.0081616808,.03829398,25317,502
jev_nearest_cno1_month_no2021,ln_contratos,exposure_jev_nearest_10pp,3,.0125933118433554,.011366692,-.0096854046,.034872029,25317,502
jev_nearest_cno1_month_no2021,ln_contratos,exposure_jev_nearest_10pp,4,.0164591182868044,.012347301,-.0077415905,.040659826,25317,502
jev_nearest_cno1_month_no2021,ln_contratos,exposure_jev_nearest_10pp,5,.0045464150185003,.013297825,-.021517323,.030610153,25317,502
jev_nearest_cno1_month_no2021,ln_contratos,exposure_jev_nearest_10pp,6,.0053983549682256,.013717709,-.021488355,.032285064,25317,502
jev_nearest_cno1_month_no2021,ln_contratos,exposure_jev_nearest_10pp,7,.0084256696063056,.015271357,-.02150619,.03835753,25317,502
jev_nearest_cno1_month_no2021,ln_contratos,exposure_jev_nearest_10pp,8,-.0159444772741502,.017129451,-.049518202,.017629247,25317,502
jev_nearest_cno1_month_no2021,ln_contratos,exposure_jev_nearest_10pp,9,-.0400815985989043,.019712728,-.078718543,-.0014446535,25317,502
jev_nearest_cno1_month_no2021,ln_contratos,exposure_jev_nearest_10pp,10,-.0005665232322531,.011844406,-.02378156,.022648513,25317,502
jev_nearest_cno1_month_no2021,ln_contratos,exposure_jev_nearest_10pp,11,.0046320694321035,.010948124,-.016826253,.026090393,25317,502
jev_nearest_cno1_month_no2021,ln_contratos,exposure_jev_nearest_10pp,12,.005682627998727,.012083415,-.018000865,.029366121,25317,502
jev_nearest_cno1_month_no2021,ln_contratos,exposure_jev_nearest_10pp,13,.0000555303396816,.015248181,-.029830905,.029941965,25317,502
jev_nearest_cno1_month_no2021,ln_contratos,exposure_jev_nearest_10pp,14,.0020658584424732,.01229819,-.022038594,.026170311,25317,502
jev_nearest_cno1_month_no2021,ln_contratos,exposure_jev_nearest_10pp,15,-.010584983363421,.012103688,-.03430821,.013138245,25317,502
jev_nearest_cno1_month_no2021,ln_contratos,exposure_jev_nearest_10pp,16,.019156802292983,.012209751,-.0047743092,.043087915,25317,502
jev_nearest_cno1_month_no2021,ln_contratos,exposure_jev_nearest_10pp,17,.0097440717208033,.012763026,-.01527146,.034759603,25317,502
jev_nearest_cno1_month_no2021,ln_contratos,exposure_jev_nearest_10pp,18,.0045461011949194,.01383126,-.022563167,.031655371,25317,502
jev_nearest_cno1_month_no2021,ln_contratos,exposure_jev_nearest_10pp,19,-.008685776045302,.01846117,-.044869669,.027498115,25317,502
jev_nearest_cno1_month_no2021,ln_contratos,exposure_jev_nearest_10pp,20,-.0115009988359515,.016145814,-.043146797,.020144798,25317,502
jev_nearest_cno1_month_no2021,ln_contratos,exposure_jev_nearest_10pp,21,-.051991860344359,.019357668,-.089932889,-.014050832,25317,502
jev_nearest_cno1_month_no2021,ln_contratos,exposure_jev_nearest_10pp,22,-.0099044982216319,.012873502,-.035136562,.015327564,25317,502
jev_nearest_cno1_month_no2021,ln_contratos,exposure_jev_nearest_10pp,23,-.0083117962597476,.010794209,-.029468447,.012844855,25317,502
jev_nearest_cno1_month_no2021,ln_contratos,exposure_jev_nearest_10pp,24,-.0095223690629172,.01205286,-.033145975,.014101237,25317,502
jev_nearest_cno1_month_no2021,ln_contratos,exposure_jev_nearest_10pp,25,-.0098289910524888,.015262181,-.039742865,.020084884,25317,502
jev_nearest_cno1_month_no2021,ln_contratos,exposure_jev_nearest_10pp,26,-.0058488309283952,.0135343,-.032376058,.020678397,25317,502
jev_nearest_cno1_month_no2021,ln_contratos,exposure_jev_nearest_10pp,27,.0090074540997499,.012870607,-.016218934,.034233842,25317,502
jev_nearest_cno1_month_no2021,ln_contratos,exposure_jev_nearest_10pp,28,-.0001863915880029,.013234016,-.026125062,.025752278,25317,502
jev_nearest_cno1_month_no2021,ln_contratos,exposure_jev_nearest_10pp,29,.0140451132100508,.014757341,-.014879276,.042969503,25317,502
jev_nearest_cno1_month_no2021,ln_contratos,exposure_jev_nearest_10pp,30,.0096602458637375,.01477151,-.019291915,.038612407,25317,502
jev_nearest_cno1_month_no2021,ln_contratos,exposure_jev_nearest_10pp,31,-.0126840610179063,.015670188,-.043397628,.018029507,25317,502
jev_nearest_cno1_month_no2021,ln_contratos,exposure_jev_nearest_10pp,32,-.0219682220267977,.018634252,-.058491357,.01455491,25317,502
jev_nearest_cno1_month_no2021,ln_contratos,exposure_jev_nearest_10pp,33,-.0353004227037634,.020750819,-.075972028,.0053711836,25317,502
jev_nearest_cno1_month_no2021,ln_contratos,exposure_jev_nearest_10pp,34,-.0094266735137359,.012302135,-.033538859,.014685511,25317,502
jev_nearest_cno1_month_no2021,ln_contratos,exposure_jev_nearest_10pp,35,-.0014912622376881,.01398607,-.028903957,.025921434,25317,502
jev_nearest_cno1_month_no2021,ln_contratos,exposure_jev_nearest_10pp,36,.0027903083773982,.012991091,-.02267223,.028252847,25317,502
jev_nearest_cno1_month_no2021,ln_contratos,exposure_jev_nearest_10pp,37,.0003740168188395,.015863759,-.030718951,.031466983,25317,502
jev_nearest_cno1_month_no2021,ln_contratos,exposure_jev_nearest_10pp,38,.0046558800469001,.013676882,-.022150807,.031462569,25317,502
jev_nearest_cno1_month_no2021,ln_contratos,exposure_jev_nearest_10pp,39,.0001276872792094,.014523517,-.028338406,.028593782,25317,502
jev_nearest_cno1_month_no2021,ln_contratos,exposure_jev_nearest_10pp,40,.0079519281458463,.014680113,-.020821093,.036724947,25317,502
