cno4,total_meses,meses_parados_0,porcentaje_meses_parados_0
6430,63,2,3.17
11,63,0,0.0
12,63,0,0.0
20,63,0,0.0
1111,63,0,0.0
1112,63,0,0.0
1113,63,0,0.0
1120,63,0,0.0
1211,63,0,0.0
1212,63,0,0.0
1219,63,0,0.0
1221,63,0,0.0
1222,63,0,0.0
1223,63,0,0.0
1311,63,0,0.0
1312,63,0,0.0
1313,63,0,0.0
1314,63,0,0.0
1315,63,0,0.0
1316,63,0,0.0
1321,63,0,0.0
1322,63,0,0.0
1323,63,0,0.0
1324,63,0,0.0
1325,63,0,0.0
1326,63,0,0.0
1327,63,0,0.0
1329,63,0,0.0
1411,63,0,0.0
1419,63,0,0.0
1421,63,0,0.0
1422,63,0,0.0
1429,63,0,0.0
1431,63,0,0.0
1432,63,0,0.0
1501,63,0,0.0
1509,63,0,0.0
2111,63,0,0.0
2112,63,0,0.0
2121,63,0,0.0
2122,63,0,0.0
2123,63,0,0.0
2130,63,0,0.0
2140,63,0,0.0
2151,63,0,0.0
2152,63,0,0.0
2153,63,0,0.0
2154,63,0,0.0
2155,63,0,0.0
2156,63,0,0.0
2157,63,0,0.0
2158,63,0,0.0
2159,63,0,0.0
2210,63,0,0.0
2220,63,0,0.0
2230,63,0,0.0
2240,63,0,0.0
2251,63,0,0.0
2252,63,0,0.0
2311,63,0,0.0
2312,63,0,0.0
2321,63,0,0.0
2322,63,0,0.0
2323,63,0,0.0
2324,63,0,0.0
2325,63,0,0.0
2326,63,0,0.0
2329,63,0,0.0
2411,63,0,0.0
2412,63,0,0.0
2413,63,0,0.0
2414,63,0,0.0
2415,63,0,0.0
2416,63,0,0.0
2421,63,0,0.0
2422,63,0,0.0
2423,63,0,0.0
2424,63,0,0.0
2425,63,0,0.0
2426,63,0,0.0
2427,63,0,0.0
2431,63,0,0.0
2432,63,0,0.0
2433,63,0,0.0
2434,63,0,0.0
2435,63,0,0.0
2436,63,0,0.0
2437,63,0,0.0
2439,63,0,0.0
2441,63,0,0.0
2442,63,0,0.0
2443,63,0,0.0
2451,63,0,0.0
2452,63,0,0.0
2453,63,0,0.0
2454,63,0,0.0
2461,63,0,0.0
2462,63,0,0.0
2463,63,0,0.0
2464,63,0,0.0
2465,63,0,0.0
2466,63,0,0.0
2469,63,0,0.0
2471,63,0,0.0
2472,63,0,0.0
2473,63,0,0.0
2481,63,0,0.0
2482,63,0,0.0
2483,63,0,0.0
2484,63,0,0.0
2511,63,0,0.0
2512,63,0,0.0
2513,63,0,0.0
2591,63,0,0.0
2592,63,0,0.0
2599,63,0,0.0
2611,63,0,0.0
2612,63,0,0.0
2613,63,0,0.0
2621,63,0,0.0
2622,63,0,0.0
2623,63,0,0.0
2624,63,0,0.0
2625,63,0,0.0
2630,63,0,0.0
2640,63,0,0.0
2651,63,0,0.0
2652,63,0,0.0
2653,63,0,0.0
2711,63,0,0.0
2712,63,0,0.0
2713,63,0,0.0
2719,63,0,0.0
2721,63,0,0.0
2722,63,0,0.0
2723,63,0,0.0
2729,63,0,0.0
2810,63,0,0.0
2821,63,0,0.0
2822,63,0,0.0
2823,63,0,0.0
2824,63,0,0.0
2825,63,0,0.0
2830,63,0,0.0
2911,63,0,0.0
2912,63,0,0.0
2921,63,0,0.0
2922,63,0,0.0
2923,63,0,0.0
2931,63,0,0.0
2932,63,0,0.0
2933,63,0,0.0
2934,63,0,0.0
2935,63,0,0.0
2936,63,0,0.0
2937,63,0,0.0
2939,63,0,0.0
3110,63,0,0.0
3121,63,0,0.0
3122,63,0,0.0
3123,63,0,0.0
3124,63,0,0.0
3125,63,0,0.0
3126,63,0,0.0
3127,63,0,0.0
3128,63,0,0.0
3129,63,0,0.0
3131,63,0,0.0
3132,63,0,0.0
3133,63,0,0.0
3134,63,0,0.0
3135,63,0,0.0
3139,63,0,0.0
3141,63,0,0.0
3142,63,0,0.0
3143,63,0,0.0
3151,63,0,0.0
3152,63,0,0.0
3153,63,0,0.0
3154,63,0,0.0
3155,63,0,0.0
3160,63,0,0.0
3201,63,0,0.0
3202,63,0,0.0
3203,63,0,0.0
3204,63,0,0.0
3205,63,0,0.0
3206,63,0,0.0
3207,63,0,0.0
3209,63,0,0.0
3311,63,0,0.0
3312,63,0,0.0
3313,63,0,0.0
3314,63,0,0.0
3315,63,0,0.0
3316,63,0,0.0
3317,63,0,0.0
3321,63,0,0.0
3322,63,0,0.0
3323,63,0,0.0
3324,63,0,0.0
3325,63,0,0.0
3326,63,0,0.0
3327,63,0,0.0
3329,63,0,0.0
3331,63,0,0.0
3339,63,0,0.0
3401,63,0,0.0
3402,63,0,0.0
3403,63,0,0.0
3404,63,0,0.0
3405,63,0,0.0
3510,63,0,0.0
3521,63,0,0.0
3522,63,0,0.0
3523,63,0,0.0
3531,63,0,0.0
3532,63,0,0.0
3533,63,0,0.0
3534,63,0,0.0
3535,63,0,0.0
3539,63,0,0.0
3611,63,0,0.0
3612,63,0,0.0
3613,63,0,0.0
3614,63,0,0.0
3621,63,0,0.0
3622,63,0,0.0
3623,63,0,0.0
3629,63,0,0.0
3631,63,0,0.0
3632,63,0,0.0
3711,63,0,0.0
3712,63,0,0.0
3713,63,0,0.0
3714,63,0,0.0
3715,63,0,0.0
3716,63,0,0.0
3721,63,0,0.0
3722,63,0,0.0
3723,63,0,0.0
3724,63,0,0.0
3731,63,0,0.0
3732,63,0,0.0
3733,63,0,0.0
3734,63,0,0.0
3739,63,0,0.0
3811,63,0,0.0
3812,63,0,0.0
3813,63,0,0.0
3814,63,0,0.0
3820,63,0,0.0
3831,63,0,0.0
3832,63,0,0.0
3833,63,0,0.0
4111,63,0,0.0
4112,63,0,0.0
4113,63,0,0.0
4121,63,0,0.0
4122,63,0,0.0
4123,63,0,0.0
4210,63,0,0.0
4221,63,0,0.0
4222,63,0,0.0
4223,63,0,0.0
4301,63,0,0.0
4309,63,0,0.0
4411,63,0,0.0
4412,63,0,0.0
4421,63,0,0.0
4422,63,0,0.0
4423,63,0,0.0
4424,63,0,0.0
4430,63,0,0.0
4441,63,0,0.0
4442,63,0,0.0
4443,63,0,0.0
4444,63,0,0.0
4445,63,0,0.0
4446,63,0,0.0
4500,63,0,0.0
5000,63,0,0.0
5110,63,0,0.0
5120,63,0,0.0
5210,63,0,0.0
5220,63,0,0.0
5300,63,0,0.0
5411,63,0,0.0
5412,63,0,0.0
5420,63,0,0.0
5430,63,0,0.0
5491,63,0,0.0
5492,63,0,0.0
5493,63,0,0.0
5499,63,0,0.0
5500,63,0,0.0
5611,63,0,0.0
5612,63,0,0.0
5621,63,0,0.0
5622,63,0,0.0
5629,63,0,0.0
5710,63,0,0.0
5721,63,0,0.0
5722,63,0,0.0
5811,63,0,0.0
5812,63,0,0.0
5821,63,0,0.0
5822,63,0,0.0
5823,63,0,0.0
5824,63,0,0.0
5825,63,0,0.0
5831,63,0,0.0
5832,63,0,0.0
5833,63,0,0.0
5840,63,0,0.0
5891,63,0,0.0
5892,63,0,0.0
5893,63,0,0.0
5894,63,0,0.0
5895,63,0,0.0
5899,63,0,0.0
5910,63,0,0.0
5921,63,0,0.0
5922,63,0,0.0
5923,63,0,0.0
5931,63,0,0.0
5932,63,0,0.0
5941,63,0,0.0
5942,63,0,0.0
5991,63,0,0.0
5992,63,0,0.0
5993,63,0,0.0
5999,63,0,0.0
6110,63,0,0.0
6120,63,0,0.0
6201,63,0,0.0
6202,63,0,0.0
6203,63,0,0.0
6204,63,0,0.0
6205,63,0,0.0
6209,63,0,0.0
6300,63,0,0.0
6410,63,0,0.0
6421,63,0,0.0
6422,63,0,0.0
6423,63,0,0.0
7111,63,0,0.0
7112,63,0,0.0
7121,63,0,0.0
7122,63,0,0.0
7131,63,0,0.0
7132,63,0,0.0
7191,63,0,0.0
7192,63,0,0.0
7193,63,0,0.0
7199,63,0,0.0
7211,63,0,0.0
7212,63,0,0.0
7221,63,0,0.0
7222,63,0,0.0
7223,63,0,0.0
7231,63,0,0.0
7232,63,0,0.0
7240,63,0,0.0
7250,63,0,0.0
7291,63,0,0.0
7292,63,0,0.0
7293,63,0,0.0
7294,63,0,0.0
7295,63,0,0.0
7311,63,0,0.0
7312,63,0,0.0
7313,63,0,0.0
7314,63,0,0.0
7315,63,0,0.0
7321,63,0,0.0
7322,63,0,0.0
7323,63,0,0.0
7324,63,0,0.0
7401,63,0,0.0
7402,63,0,0.0
7403,63,0,0.0
7404,63,0,0.0
7405,63,0,0.0
7510,63,0,0.0
7521,63,0,0.0
7522,63,0,0.0
7531,63,0,0.0
7532,63,0,0.0
7533,63,0,0.0
7611,63,0,0.0
7612,63,0,0.0
7613,63,0,0.0
7614,63,0,0.0
7615,63,0,0.0
7616,63,0,0.0
7617,63,0,0.0
7618,63,0,0.0
7619,63,0,0.0
7621,63,0,0.0
7622,63,0,0.0
7623,63,0,0.0
7701,63,0,0.0
7702,63,0,0.0
7703,63,0,0.0
7704,63,0,0.0
7705,63,0,0.0
7706,63,0,0.0
7707,63,0,0.0
7708,63,0,0.0
7709,63,0,0.0
7811,63,0,0.0
7812,63,0,0.0
7820,63,0,0.0
7831,63,0,0.0
7832,63,0,0.0
7833,63,0,0.0
7834,63,0,0.0
7835,63,0,0.0
7836,63,0,0.0
7837,63,0,0.0
7891,63,0,0.0
7892,63,0,0.0
7893,63,0,0.0
7894,63,0,0.0
7899,63,0,0.0
8111,63,0,0.0
8112,63,0,0.0
8113,63,0,0.0
8114,63,0,0.0
8121,63,0,0.0
8122,63,0,0.0
8131,63,0,0.0
8132,63,0,0.0
8133,63,0,0.0
8141,63,0,0.0
8142,63,0,0.0
8143,63,0,0.0
8144,63,0,0.0
8145,63,0,0.0
8151,63,0,0.0
8152,63,0,0.0
8153,63,0,0.0
8154,63,0,0.0
8155,63,0,0.0
8156,63,0,0.0
8159,63,0,0.0
8160,63,0,0.0
8170,63,0,0.0
8191,63,0,0.0
8192,63,0,0.0
8193,63,0,0.0
8199,63,0,0.0
8201,63,0,0.0
8202,63,0,0.0
8209,63,0,0.0
8311,63,0,0.0
8312,63,0,0.0
8321,63,0,0.0
8322,63,0,0.0
8331,63,0,0.0
8332,63,0,0.0
8333,63,0,0.0
8340,63,0,0.0
8411,63,0,0.0
8412,63,0,0.0
8420,63,0,0.0
8431,63,0,0.0
8432,63,0,0.0
8440,63,0,0.0
9100,63,0,0.0
9210,63,0,0.0
9221,63,0,0.0
9222,63,0,0.0
9223,63,0,0.0
9229,63,0,0.0
9310,63,0,0.0
9320,63,0,0.0
9410,63,0,0.0
9420,63,0,0.0
9431,63,0,0.0
9432,63,0,0.0
9433,63,0,0.0
9434,63,0,0.0
9441,63,0,0.0
9442,63,0,0.0
9443,63,0,0.0
9490,63,0,0.0
9511,63,0,0.0
9512,63,0,0.0
9520,63,0,0.0
9530,63,0,0.0
9541,63,0,0.0
9542,63,0,0.0
9543,63,0,0.0
9601,63,0,0.0
9602,63,0,0.0
9603,63,0,0.0
9700,63,0,0.0
9811,63,0,0.0
9812,63,0,0.0
9820,63,0,0.0
