occ_code,level_0,level_1,level_2,level_3,level_4,level_5,level_6,level_7,level_8,level_9
11-1011,0.23,0.26,0.18,0.14,0.08,0.04,0.04,0.02,0.01,0.0
11-1021,0.12,0.22,0.22,0.23,0.12,0.05,0.03,0.01,0.0,0.0
11-1031,0.31,0.23,0.17,0.13,0.06,0.03,0.04,0.02,0.01,0.0
11-2011,0.06,0.08,0.17,0.26,0.17,0.11,0.1,0.04,0.01,0.0
11-2021,0.08,0.11,0.18,0.25,0.17,0.09,0.08,0.03,0.01,0.0
11-2022,0.11,0.16,0.24000000000000002,0.22,0.13,0.07,0.05,0.02,0.0,0.0
11-2032,0.06,0.08,0.17,0.25,0.18,0.12,0.09,0.04,0.01,0.0
11-3012,0.11,0.16,0.22,0.22,0.12,0.07,0.06,0.03,0.01,0.0
11-3013,0.17,0.31,0.26,0.18,0.06,0.01,0.01,0.0,0.0,0.0
11-3021,0.07,0.11,0.15,0.19999999999999998,0.16,0.12,0.13,0.05,0.01,0.0
11-3031,0.1,0.11,0.16,0.22,0.15,0.1,0.1,0.05,0.01,0.0
11-3051,0.22,0.3,0.24,0.15,0.06,0.02,0.01,0.0,0.0,0.0
11-3061,0.11,0.16,0.22,0.22,0.13,0.07,0.06,0.02,0.01,0.0
11-3071,0.12,0.19,0.24,0.25,0.11,0.05,0.03,0.01,0.0,0.0
11-3111,0.1111111111111111,0.1111111111111111,0.1717171717171717,0.20202020202020202,0.1414141414141414,0.10101010101010101,0.10101010101010101,0.050505050505050504,0.0101010101010101,0.0
11-3121,0.07,0.11,0.2,0.26,0.17,0.09,0.07,0.02,0.01,0.0
11-3131,0.07,0.09,0.18,0.27,0.17,0.1,0.08,0.03,0.01,0.0
11-9013,0.32,0.43,0.18,0.06,0.01,0.0,0.0,0.0,0.0,0.0
11-9021,0.18,0.31,0.26,0.16,0.06,0.02,0.01,0.0,0.0,0.0
11-9031,0.23,0.27,0.23,0.15,0.06,0.03,0.02,0.01,0.0,0.0
11-9032,0.14,0.21,0.26,0.21,0.1,0.04,0.03,0.01,0.0,0.0
11-9033,0.14,0.18,0.21,0.23,0.12,0.06,0.04,0.02,0.0,0.0
11-9041,0.16,0.25,0.26,0.18,0.08,0.03,0.03,0.01,0.0,0.0
11-9051,0.24,0.26,0.21,0.16,0.07,0.03,0.02,0.01,0.0,0.0
11-9071,0.48,0.23,0.13,0.09,0.03,0.01,0.02,0.01,0.0,0.0
11-9081,0.19,0.25,0.25,0.18,0.08,0.03,0.01,0.01,0.0,0.0
11-9111,0.13,0.21,0.23,0.22,0.11,0.05,0.04,0.01,0.0,0.0
11-9121,0.16,0.21,0.23,0.2,0.1,0.05,0.04,0.01,0.0,0.0
11-9131,0.37,0.31,0.18,0.09,0.03,0.01,0.01,0.0,0.0,0.0
11-9141,0.11,0.17,0.24,0.24,0.13,0.06,0.04,0.01,0.0,0.0
11-9151,0.11,0.19,0.27,0.23,0.11,0.05,0.03,0.01,0.0,0.0
11-9161,0.2,0.23,0.22,0.18,0.09,0.04,0.03,0.01,0.0,0.0
11-9171,0.32,0.31,0.19,0.1,0.04,0.02,0.01,0.01,0.0,0.0
11-9179,0.43,0.21,0.15,0.11,0.05,0.02,0.02,0.01,0.0,0.0
11-9199,0.13,0.12,0.17,0.25,0.16,0.08,0.06,0.02,0.01,0.0
13-1011,0.17,0.18,0.19999999999999998,0.19,0.11,0.06,0.05,0.03,0.01,0.0
13-1031,0.16,0.15,0.18,0.2,0.12,0.07,0.07,0.04,0.01,0.0
13-1032,0.37,0.27,0.17,0.1,0.04,0.02,0.02,0.01,0.0,0.0
13-1041,0.14,0.13,0.19,0.22,0.14,0.08,0.06,0.03,0.01,0.0
13-1051,0.17,0.17,0.19,0.19,0.12,0.06,0.06,0.03,0.01,0.0
13-1071,0.06,0.07,0.17,0.22999999999999998,0.2,0.12,0.1,0.04,0.01,0.0
13-1074,0.59,0.28,0.09,0.03,0.01,0.0,0.0,0.0,0.0,0.0
13-1075,0.33,0.23,0.16,0.13,0.06,0.03,0.03,0.02,0.01,0.0
13-1081,0.09,0.11,0.2,0.25,0.17,0.08,0.07,0.02,0.01,0.0
13-1111,0.06,0.06,0.12,0.22,0.18,0.14,0.14,0.07,0.01,0.0
13-1121,0.11,0.15,0.22,0.24,0.13,0.07,0.05,0.02,0.01,0.0
13-1131,0.12,0.14,0.23,0.22999999999999998,0.12,0.07,0.06,0.02,0.01,0.0
13-1141,0.12,0.12,0.17,0.21,0.14,0.09,0.09,0.05,0.01,0.0
13-1151,0.08,0.08,0.15,0.25,0.18,0.11,0.1,0.04,0.01,0.0
13-1161,0.04,0.04,0.1,0.2,0.19999999999999998,0.17,0.16,0.07,0.02,0.0
13-1199,0.12,0.1,0.16,0.25,0.17,0.09,0.07,0.03,0.01,0.0
13-2011,0.06,0.06,0.11,0.19,0.21000000000000002,0.14,0.15,0.06,0.02,0.0
13-2031,0.14,0.11,0.14,0.19,0.12,0.09,0.11,0.08,0.02,0.0
13-2041,0.14,0.11,0.15,0.18,0.14,0.09,0.1,0.07,0.02,0.0
13-2051,0.08,0.07,0.14,0.21,0.18,0.13,0.12,0.06,0.01,0.0
13-2052,0.12,0.14,0.2,0.21,0.14,0.08,0.07,0.03,0.01,0.0
13-2053,0.19999999999999998,0.13,0.14,0.15,0.1,0.08,0.09,0.07,0.03,0.01
13-2054,0.08,0.08,0.13,0.19,0.16,0.13,0.13,0.08,0.02,0.0
13-2061,0.18,0.15,0.18,0.18,0.11,0.07,0.08,0.04,0.01,0.0
13-2071,0.2,0.19,0.2,0.17,0.1,0.05,0.05,0.03,0.01,0.0
13-2072,0.1,0.1,0.16,0.22,0.16,0.1,0.1,0.05,0.01,0.0
13-2081,0.2,0.18,0.17,0.17,0.1,0.06,0.07,0.04,0.01,0.0
13-2082,0.18000000000000002,0.1,0.11,0.14,0.1,0.08,0.11,0.11,0.06,0.01
13-2099,0.13,0.09,0.16,0.23,0.17,0.09,0.08,0.04,0.01,0.0
15-1211,0.04,0.04,0.07,0.15,0.17,0.19,0.24,0.09,0.01,0.0
15-1212,0.05,0.05,0.09,0.18,0.18,0.16,0.2,0.08,0.01,0.0
15-1221,0.08,0.09,0.12,0.18000000000000002,0.14,0.11,0.16,0.1,0.02,0.0
15-1231,0.09,0.13,0.19,0.23,0.15,0.09,0.09,0.03,0.0,0.0
15-1232,0.16,0.19,0.19,0.19,0.11,0.06,0.06,0.03,0.01,0.0
15-1241,0.12,0.11,0.15,0.21000000000000002,0.14,0.1,0.11,0.05,0.01,0.0
15-1242,0.06,0.06,0.08,0.16,0.17,0.15,0.2,0.1,0.02,0.0
15-1243,0.09,0.07,0.1,0.15,0.13999999999999999,0.14,0.16999999999999998,0.12,0.02,0.0
15-1244,0.1,0.1,0.16,0.19,0.18,0.11,0.11,0.04,0.01,0.0
15-1251,0.04,0.01,0.01,0.01,0.01,0.03,0.12,0.72,0.04,0.01
15-1252,0.01,0.01,0.01,0.02,0.04,0.1,0.37,0.39,0.05,0.0
15-1253,0.07,0.06,0.11,0.19,0.17,0.14,0.17,0.08,0.01,0.0
15-1254,0.02,0.01,0.02,0.04,0.06,0.14,0.37,0.3,0.04,0.0
15-1255,0.08,0.09,0.16,0.23,0.18,0.11,0.1,0.04,0.01,0.0
15-1299,0.11,0.05,0.08,0.16,0.18,0.15,0.17,0.09,0.01,0.0
15-2011,0.21,0.18,0.16,0.16,0.1,0.06,0.07,0.05,0.01,0.0
15-2021,0.16,0.18000000000000002,0.15,0.16,0.11,0.08,0.09,0.06,0.01,0.0
15-2031,0.06,0.06,0.12,0.18,0.2,0.15,0.15,0.07,0.01,0.0
15-2041,0.07,0.08,0.12,0.21,0.18,0.14,0.13,0.06,0.01,0.0
15-2051,0.02,0.02,0.04,0.08,0.11,0.17,0.29,0.21,0.05,0.01
15-2099,0.17,0.11,0.15,0.2,0.13,0.08,0.09,0.06,0.01,0.0
17-1011,0.21,0.28,0.23,0.17,0.07,0.02,0.01,0.01,0.0,0.0
17-1012,0.22,0.28,0.26,0.17,0.05,0.01,0.01,0.0,0.0,0.0
17-1021,0.19,0.21,0.2,0.17,0.1,0.05,0.05,0.02,0.01,0.0
17-1022,0.46,0.35,0.13,0.05,0.01,0.0,0.0,0.0,0.0,0.0
17-2011,0.26,0.34,0.21,0.13,0.04,0.01,0.01,0.0,0.0,0.0
17-2021,0.3,0.36,0.23,0.09,0.02,0.0,0.0,0.0,0.0,0.0
17-2031,0.16,0.3,0.26,0.18,0.07,0.02,0.01,0.0,0.0,0.0
17-2041,0.26,0.33,0.22,0.13,0.04,0.01,0.01,0.0,0.0,0.0
17-2051,0.19,0.29,0.27,0.17,0.06,0.01,0.01,0.0,0.0,0.0
17-2061,0.23,0.28,0.22,0.15,0.06,0.03,0.02,0.01,0.0,0.0
17-2071,0.16,0.24,0.25,0.21,0.08,0.03,0.02,0.01,0.0,0.0
17-2072,0.19,0.31,0.25,0.16,0.06,0.02,0.01,0.0,0.0,0.0
17-2081,0.18,0.24,0.28,0.2,0.07,0.02,0.01,0.0,0.0,0.0
17-2111,0.1717171717171717,0.2626262626262626,0.2828282828282828,0.1818181818181818,0.0707070707070707,0.0202020202020202,0.0101010101010101,0.0,0.0,0.0
17-2112,0.13,0.19,0.24000000000000002,0.24000000000000002,0.11,0.05,0.03,0.01,0.0,0.0
17-2121,0.33999999999999997,0.33,0.19,0.09,0.03,0.01,0.01,0.0,0.0,0.0
17-2131,0.21,0.34,0.26,0.14,0.04,0.01,0.0,0.0,0.0,0.0
17-2141,0.18,0.3,0.28,0.17,0.05,0.01,0.01,0.0,0.0,0.0
17-2151,0.32,0.4,0.2,0.07,0.01,0.0,0.0,0.0,0.0,0.0
17-2161,0.3,0.35000000000000003,0.19,0.11,0.03,0.01,0.01,0.0,0.0,0.0
17-2171,0.28,0.35,0.21,0.11,0.03,0.01,0.01,0.0,0.0,0.0
17-2199,0.18,0.2,0.25,0.2,0.09,0.04,0.03,0.01,0.0,0.0
17-3011,0.34,0.29,0.16,0.11,0.05,0.02,0.02,0.01,0.0,0.0
17-3012,0.46,0.23,0.12,0.08,0.04,0.02,0.02,0.02,0.01,0.0
17-3013,0.4,0.26,0.14,0.09,0.04,0.02,0.02,0.02,0.01,0.0
17-3021,0.41,0.33,0.16,0.07,0.02,0.01,0.0,0.0,0.0,0.0
17-3022,0.18,0.31,0.28,0.17,0.05,0.01,0.0,0.0,0.0,0.0
17-3023,0.32,0.38,0.2,0.08,0.02,0.0,0.0,0.0,0.0,0.0
17-3024,0.52,0.36,0.09,0.03,0.0,0.0,0.0,0.0,0.0,0.0
17-3025,0.33,0.39,0.2,0.07,0.01,0.0,0.0,0.0,0.0,0.0
17-3026,0.34,0.32,0.22,0.1,0.02,0.0,0.0,0.0,0.0,0.0
17-3027,0.31,0.38,0.22,0.08,0.01,0.0,0.0,0.0,0.0,0.0
17-3029,0.27,0.34,0.23,0.12,0.03,0.01,0.0,0.0,0.0,0.0
17-3031,0.25,0.35,0.24,0.11,0.03,0.01,0.01,0.0,0.0,0.0
19-1011,0.38,0.35000000000000003,0.18,0.08,0.01,0.0,0.0,0.0,0.0,0.0
19-1012,0.26,0.34,0.22,0.12,0.04,0.01,0.01,0.0,0.0,0.0
19-1013,0.31,0.36,0.22,0.09,0.02,0.0,0.0,0.0,0.0,0.0
19-1021,0.27,0.34,0.22,0.12,0.03,0.01,0.01,0.0,0.0,0.0
19-1022,0.4,0.35,0.17,0.07,0.01,0.0,0.0,0.0,0.0,0.0
19-1023,0.29,0.41000000000000003,0.21,0.08,0.01,0.0,0.0,0.0,0.0,0.0
19-1029,0.26,0.35,0.22,0.12,0.03,0.01,0.01,0.0,0.0,0.0
19-1031,0.3,0.36,0.22,0.1,0.02,0.0,0.0,0.0,0.0,0.0
19-1032,0.3,0.38,0.21,0.09,0.02,0.0,0.0,0.0,0.0,0.0
19-1041,0.16,0.18,0.24000000000000002,0.22,0.1,0.05,0.04,0.01,0.0,0.0
19-1042,0.18,0.25,0.25,0.18,0.08,0.03,0.02,0.01,0.0,0.0
19-2011,0.28,0.3,0.2,0.13,0.05,0.02,0.01,0.01,0.0,0.0
19-2012,0.19,0.3,0.23,0.17,0.06,0.02,0.02,0.01,0.0,0.0
19-2021,0.21,0.19999999999999998,0.19,0.17,0.08,0.05,0.06,0.03,0.01,0.0
19-2031,0.3,0.33,0.2,0.12,0.03,0.01,0.01,0.0,0.0,0.0
19-2032,0.26,0.37,0.22,0.11,0.03,0.01,0.0,0.0,0.0,0.0
19-2041,0.1717171717171717,0.2626262626262626,0.2727272727272727,0.1919191919191919,0.0707070707070707,0.0202020202020202,0.0101010101010101,0.0,0.0,0.0
19-2042,0.26,0.38,0.24,0.1,0.02,0.0,0.0,0.0,0.0,0.0
19-2043,0.27,0.29,0.24,0.14,0.04,0.01,0.01,0.0,0.0,0.0
19-2099,0.2626262626262626,0.2727272727272727,0.23232323232323232,0.1414141414141414,0.050505050505050504,0.0202020202020202,0.0101010101010101,0.0101010101010101,0.0,0.0
19-3011,0.08,0.09,0.15,0.21,0.18,0.12,0.11,0.05,0.01,0.0
19-3022,0.11,0.11,0.18,0.22,0.15,0.1,0.08,0.04,0.01,0.0
19-3032,0.09,0.1,0.17,0.23,0.17,0.1,0.09,0.04,0.01,0.0
19-3033,0.28,0.31,0.2,0.13,0.04,0.02,0.01,0.01,0.0,0.0
19-3034,0.23,0.25,0.23,0.16,0.07,0.03,0.02,0.01,0.0,0.0
19-3039,0.24,0.3,0.23,0.14,0.05,0.02,0.01,0.01,0.0,0.0
19-3041,0.15,0.19,0.22999999999999998,0.22,0.1,0.04,0.04,0.02,0.01,0.0
19-3051,0.16,0.18,0.23,0.24000000000000002,0.1,0.05,0.03,0.01,0.0,0.0
19-3091,0.31,0.39,0.2,0.08,0.02,0.0,0.0,0.0,0.0,0.0
19-3092,0.17,0.2,0.25,0.2,0.09,0.05,0.03,0.01,0.0,0.0
19-3093,0.19,0.19,0.19,0.19,0.1,0.05,0.05,0.03,0.01,0.0
19-3094,0.11,0.12,0.18,0.23,0.14,0.09,0.08,0.04,0.01,0.0
19-3099,0.16,0.15,0.22,0.23,0.12,0.05,0.04,0.02,0.01,0.0
19-4012,0.5,0.34,0.12,0.03,0.01,0.0,0.0,0.0,0.0,0.0
19-4013,0.5,0.31,0.13,0.05,0.01,0.0,0.0,0.0,0.0,0.0
19-4021,0.37,0.38,0.17,0.07,0.01,0.0,0.0,0.0,0.0,0.0
19-4031,0.35,0.38,0.18,0.08,0.01,0.0,0.0,0.0,0.0,0.0
19-4042,0.44,0.37,0.14,0.04,0.01,0.0,0.0,0.0,0.0,0.0
19-4043,0.53,0.34,0.1,0.03,0.0,0.0,0.0,0.0,0.0,0.0
19-4051,0.52,0.35000000000000003,0.1,0.03,0.0,0.0,0.0,0.0,0.0,0.0
19-4061,0.09,0.14,0.25,0.26,0.13,0.07,0.04,0.02,0.0,0.0
19-4071,0.44,0.4,0.13,0.03,0.0,0.0,0.0,0.0,0.0,0.0
19-4092,0.5,0.36,0.11,0.03,0.0,0.0,0.0,0.0,0.0,0.0
19-4099,0.32,0.33,0.21,0.11,0.02,0.01,0.0,0.0,0.0,0.0
19-5011,0.19,0.28,0.27,0.17,0.06,0.02,0.01,0.0,0.0,0.0
19-5012,0.29,0.37,0.22,0.1,0.02,0.0,0.0,0.0,0.0,0.0
21-1012,0.23,0.28,0.21,0.16,0.07,0.02,0.02,0.01,0.0,0.0
21-1013,0.33,0.31,0.18,0.11,0.04,0.01,0.01,0.01,0.0,0.0
21-1015,0.23232323232323232,0.2828282828282828,0.23232323232323232,0.1515151515151515,0.0707070707070707,0.0202020202020202,0.0101010101010101,0.0,0.0,0.0
21-1021,0.29,0.4,0.2,0.09,0.02,0.0,0.0,0.0,0.0,0.0
21-1022,0.24,0.28,0.22,0.15,0.06,0.02,0.02,0.01,0.0,0.0
21-1023,0.25,0.33,0.23,0.13,0.04,0.01,0.01,0.0,0.0,0.0
21-1091,0.14,0.19,0.25,0.21,0.11,0.05,0.04,0.01,0.0,0.0
21-1092,0.29,0.29,0.21,0.13,0.04,0.02,0.01,0.01,0.0,0.0
21-1093,0.24,0.34,0.24,0.13,0.03,0.01,0.01,0.0,0.0,0.0
21-1094,0.41,0.4,0.14,0.04,0.01,0.0,0.0,0.0,0.0,0.0
21-2011,0.41000000000000003,0.32,0.16,0.08,0.02,0.01,0.0,0.0,0.0,0.0
21-2021,0.3,0.32,0.2,0.12,0.04,0.01,0.01,0.0,0.0,0.0
23-1011,0.05,0.07,0.16,0.24,0.19,0.12,0.11,0.05,0.01,0.0
23-1012,0.13,0.08,0.11,0.15,0.12,0.11,0.13,0.12,0.04,0.01
23-1021,0.32,0.24000000000000002,0.17,0.13,0.06,0.03,0.03,0.02,0.0,0.0
23-1022,0.48,0.25,0.13,0.08,0.03,0.01,0.01,0.01,0.0,0.0
23-1023,0.4,0.28,0.14,0.09,0.04,0.02,0.02,0.01,0.0,0.0
23-2011,0.05,0.04,0.09,0.18,0.18,0.16,0.19,0.09,0.02,0.0
23-2093,0.25,0.15,0.13,0.12,0.08,0.06,0.08,0.08,0.04,0.01
25-1011,0.11,0.19,0.24,0.22,0.12,0.05,0.05,0.02,0.0,0.0
25-1021,0.09,0.13,0.19,0.24,0.14,0.09,0.08,0.03,0.01,0.0
25-1022,0.18,0.25,0.22,0.18,0.09,0.04,0.03,0.01,0.0,0.0
25-1031,0.23,0.27999999999999997,0.25,0.15,0.05,0.02,0.01,0.01,0.0,0.0
25-1032,0.14,0.24,0.25,0.2,0.09,0.04,0.03,0.01,0.0,0.0
25-1041,0.21,0.31,0.25,0.15,0.05,0.02,0.01,0.0,0.0,0.0
25-1042,0.16,0.28,0.25,0.18,0.07,0.03,0.02,0.01,0.0,0.0
25-1043,0.23,0.3,0.24,0.14,0.05,0.02,0.01,0.01,0.0,0.0
25-1051,0.17,0.31,0.24,0.17,0.06,0.02,0.02,0.01,0.0,0.0
25-1052,0.18,0.3,0.26,0.17,0.06,0.02,0.01,0.0,0.0,0.0
25-1053,0.16,0.24,0.27,0.19,0.08,0.03,0.02,0.01,0.0,0.0
25-1054,0.19,0.27,0.24,0.17,0.07,0.03,0.02,0.01,0.0,0.0
25-1061,0.25,0.31,0.22,0.15,0.04,0.02,0.01,0.0,0.0,0.0
25-1062,0.15,0.2,0.22,0.21,0.1,0.05,0.05,0.02,0.0,0.0
25-1063,0.14,0.22,0.26,0.21,0.09,0.04,0.03,0.01,0.0,0.0
25-1064,0.17,0.27,0.26,0.17,0.07,0.03,0.02,0.01,0.0,0.0
25-1065,0.14,0.21,0.24,0.21,0.1,0.05,0.04,0.01,0.0,0.0
25-1066,0.16,0.22,0.24000000000000002,0.21,0.09,0.04,0.03,0.01,0.0,0.0
25-1067,0.16,0.23,0.24000000000000002,0.2,0.09,0.04,0.03,0.01,0.0,0.0
25-1071,0.16,0.27,0.25,0.19,0.07,0.03,0.02,0.01,0.0,0.0
25-1072,0.24,0.35000000000000003,0.25,0.12,0.03,0.01,0.0,0.0,0.0,0.0
25-1081,0.09,0.15,0.24,0.26,0.13,0.06,0.05,0.02,0.0,0.0
25-1082,0.19,0.24000000000000002,0.21,0.17,0.08,0.04,0.04,0.02,0.01,0.0
25-1111,0.18,0.26,0.23,0.19,0.08,0.03,0.02,0.01,0.0,0.0
25-1112,0.15,0.22,0.2,0.2,0.1,0.05,0.05,0.02,0.01,0.0
25-1113,0.2,0.24,0.24,0.17,0.08,0.03,0.03,0.01,0.0,0.0
25-1121,0.24,0.34,0.24,0.13,0.03,0.01,0.01,0.0,0.0,0.0
25-1122,0.14,0.22,0.27,0.2,0.09,0.04,0.03,0.01,0.0,0.0
25-1123,0.11,0.18,0.22,0.22,0.12,0.06,0.05,0.03,0.01,0.0
25-1124,0.18,0.27,0.25,0.18,0.07,0.02,0.02,0.01,0.0,0.0
25-1125,0.16,0.23,0.25,0.2,0.08,0.04,0.03,0.01,0.0,0.0
25-1126,0.18,0.27,0.23,0.17,0.08,0.03,0.03,0.01,0.0,0.0
25-1192,0.18,0.29,0.25,0.17,0.06,0.02,0.02,0.01,0.0,0.0
25-1193,0.21,0.32,0.25,0.15,0.05,0.01,0.01,0.0,0.0,0.0
25-1194,0.23,0.36,0.25,0.12,0.03,0.01,0.0,0.0,0.0,0.0
25-2011,0.42,0.39,0.14,0.04,0.01,0.0,0.0,0.0,0.0,0.0
25-2012,0.36,0.39,0.17,0.07,0.01,0.0,0.0,0.0,0.0,0.0
25-2021,0.19,0.34,0.26,0.15,0.04,0.01,0.01,0.0,0.0,0.0
25-2022,0.12,0.26,0.31,0.21,0.07,0.02,0.01,0.0,0.0,0.0
25-2023,0.27,0.36,0.23,0.11,0.02,0.01,0.0,0.0,0.0,0.0
25-2031,0.12,0.23,0.27999999999999997,0.22,0.09,0.03,0.02,0.01,0.0,0.0
25-2032,0.21,0.34,0.27,0.14,0.03,0.01,0.0,0.0,0.0,0.0
25-2051,0.29,0.42,0.21,0.07,0.01,0.0,0.0,0.0,0.0,0.0
25-2057,0.13,0.29,0.31,0.18,0.06,0.02,0.01,0.0,0.0,0.0
25-2058,0.14,0.27,0.31,0.19,0.06,0.02,0.01,0.0,0.0,0.0
25-2059,0.25,0.31,0.24,0.14,0.04,0.01,0.01,0.0,0.0,0.0
25-3011,0.18,0.24000000000000002,0.24000000000000002,0.18,0.08,0.04,0.03,0.01,0.0,0.0
25-3021,0.45,0.31,0.15,0.06,0.02,0.01,0.0,0.0,0.0,0.0
25-3041,0.16,0.15,0.19,0.19,0.11,0.07,0.07,0.05,0.01,0.0
25-4011,0.19,0.22,0.23,0.17,0.08,0.04,0.04,0.02,0.01,0.0
25-4012,0.19,0.27,0.24,0.17,0.07,0.03,0.02,0.01,0.0,0.0
25-4013,0.46,0.39,0.12,0.03,0.0,0.0,0.0,0.0,0.0,0.0
25-4022,0.12,0.17,0.25,0.22,0.12,0.06,0.04,0.02,0.0,0.0
25-4031,0.35,0.38,0.19,0.07,0.01,0.0,0.0,0.0,0.0,0.0
25-9021,0.31,0.35000000000000003,0.19,0.1,0.03,0.01,0.01,0.0,0.0,0.0
25-9031,0.07,0.07,0.14,0.21,0.18,0.14,0.12,0.06,0.01,0.0
25-9044,0.12,0.12,0.17,0.2,0.14,0.1,0.09,0.05,0.01,0.0
27-1011,0.23,0.27,0.2,0.16,0.07,0.03,0.03,0.01,0.0,0.0
27-1012,0.73,0.22,0.04,0.01,0.0,0.0,0.0,0.0,0.0,0.0
27-1013,0.49,0.34,0.12,0.04,0.01,0.0,0.0,0.0,0.0,0.0
27-1014,0.29,0.27,0.17,0.12,0.06,0.03,0.03,0.02,0.01,0.0
27-1021,0.27,0.32,0.23,0.12,0.04,0.01,0.01,0.0,0.0,0.0
27-1022,0.32,0.34,0.2,0.09,0.03,0.01,0.01,0.0,0.0,0.0
27-1023,0.77,0.18000000000000002,0.04,0.01,0.0,0.0,0.0,0.0,0.0,0.0
27-1024,0.2,0.21,0.2,0.18,0.09,0.05,0.04,0.02,0.01,0.0
27-1025,0.16,0.24,0.29,0.2,0.08,0.02,0.01,0.0,0.0,0.0
27-1026,0.77,0.18,0.04,0.01,0.0,0.0,0.0,0.0,0.0,0.0
27-1027,0.38,0.33,0.2,0.08,0.01,0.0,0.0,0.0,0.0,0.0
27-2011,0.62,0.27,0.08,0.03,0.0,0.0,0.0,0.0,0.0,0.0
27-2012,0.24,0.28,0.22,0.16,0.06,0.02,0.01,0.01,0.0,0.0
27-2021,0.92,0.06,0.01,0.01,0.0,0.0,0.0,0.0,0.0,0.0
27-2022,0.58,0.31,0.09,0.02,0.0,0.0,0.0,0.0,0.0,0.0
27-2023,0.83,0.13,0.03,0.01,0.0,0.0,0.0,0.0,0.0,0.0
27-2031,0.89,0.08,0.02,0.01,0.0,0.0,0.0,0.0,0.0,0.0
27-2032,0.76,0.17,0.05,0.02,0.0,0.0,0.0,0.0,0.0,0.0
27-2041,0.29,0.28,0.2,0.13,0.05,0.02,0.02,0.01,0.0,0.0
27-2042,0.6,0.26,0.09,0.04,0.01,0.0,0.0,0.0,0.0,0.0
27-3011,0.41,0.27,0.15,0.09,0.03,0.01,0.02,0.01,0.01,0.0
27-3023,0.10101010101010101,0.1313131313131313,0.20202020202020202,0.23232323232323232,0.1414141414141414,0.0808080808080808,0.0707070707070707,0.0303030303030303,0.0101010101010101,0.0
27-3031,0.03,0.03,0.1,0.2,0.2,0.17,0.17,0.08,0.02,0.0
27-3041,0.06,0.05,0.09,0.17,0.16,0.15,0.17,0.12,0.03,0.0
27-3042,0.06,0.05,0.09,0.15,0.16,0.14,0.17,0.13,0.04,0.01
27-3043,0.07,0.06,0.12,0.17,0.15,0.12,0.14,0.12,0.04,0.01
27-3091,0.22,0.17,0.14,0.13,0.08,0.06,0.08,0.08,0.03,0.01
27-3092,0.37,0.18,0.12,0.1,0.05,0.04,0.06,0.05,0.02,0.01
27-4011,0.7,0.23,0.05,0.02,0.0,0.0,0.0,0.0,0.0,0.0
27-4012,0.61,0.27,0.08,0.03,0.01,0.0,0.0,0.0,0.0,0.0
27-4014,0.48,0.31,0.13,0.06,0.01,0.01,0.0,0.0,0.0,0.0
27-4021,0.32,0.37,0.19,0.09,0.02,0.01,0.0,0.0,0.0,0.0
27-4031,0.7979797979797979,0.1414141414141414,0.0404040404040404,0.0202020202020202,0.0,0.0,0.0,0.0,0.0,0.0
27-4032,0.39,0.22,0.14,0.1,0.05,0.03,0.04,0.02,0.01,0.0
29-1011,0.5454545454545454,0.3434343434343434,0.0909090909090909,0.0202020202020202,0.0,0.0,0.0,0.0,0.0,0.0
29-1021,0.3939393939393939,0.40404040404040403,0.1414141414141414,0.050505050505050504,0.0101010101010101,0.0,0.0,0.0,0.0,0.0
29-1022,0.49,0.39,0.1,0.02,0.0,0.0,0.0,0.0,0.0,0.0
29-1023,0.48,0.36,0.11,0.04,0.01,0.0,0.0,0.0,0.0,0.0
29-1024,0.5,0.34,0.11,0.04,0.01,0.0,0.0,0.0,0.0,0.0
29-1031,0.18,0.27,0.27,0.18,0.06,0.02,0.01,0.01,0.0,0.0
29-1041,0.45,0.34,0.14,0.06,0.01,0.0,0.0,0.0,0.0,0.0
29-1051,0.22,0.27,0.2,0.16,0.07,0.04,0.03,0.01,0.0,0.0
29-1071,0.18,0.25,0.25,0.19,0.08,0.03,0.01,0.01,0.0,0.0
29-1081,0.47,0.35,0.13,0.04,0.01,0.0,0.0,0.0,0.0,0.0
29-1122,0.27,0.4,0.24,0.08,0.01,0.0,0.0,0.0,0.0,0.0
29-1123,0.35,0.42,0.17,0.05,0.01,0.0,0.0,0.0,0.0,0.0
29-1124,0.37,0.39,0.17,0.06,0.01,0.0,0.0,0.0,0.0,0.0
29-1125,0.43,0.34,0.16,0.06,0.01,0.0,0.0,0.0,0.0,0.0
29-1126,0.35,0.39,0.18,0.07,0.01,0.0,0.0,0.0,0.0,0.0
29-1127,0.27,0.36,0.21,0.11,0.03,0.01,0.01,0.0,0.0,0.0
29-1128,0.4,0.33,0.18,0.07,0.02,0.0,0.0,0.0,0.0,0.0
29-1129,0.39,0.33,0.16,0.08,0.02,0.01,0.01,0.0,0.0,0.0
29-1131,0.31,0.39,0.21,0.08,0.01,0.0,0.0,0.0,0.0,0.0
29-1141,0.19,0.37,0.27,0.13,0.03,0.01,0.0,0.0,0.0,0.0
29-1151,0.52,0.32,0.11,0.04,0.01,0.0,0.0,0.0,0.0,0.0
29-1161,0.4,0.37,0.16,0.06,0.01,0.0,0.0,0.0,0.0,0.0
29-1171,0.18,0.21,0.22,0.18,0.1,0.06,0.04,0.01,0.0,0.0
29-1181,0.4,0.35,0.17,0.07,0.01,0.0,0.0,0.0,0.0,0.0
29-1211,0.56,0.29,0.1,0.04,0.01,0.0,0.0,0.0,0.0,0.0
29-1213,0.25,0.36,0.23,0.11,0.03,0.01,0.01,0.0,0.0,0.0
29-1215,0.13,0.19,0.26,0.22,0.11,0.05,0.03,0.01,0.0,0.0
29-1216,0.12,0.17,0.25,0.23,0.12,0.06,0.04,0.01,0.0,0.0
29-1217,0.20202020202020202,0.29292929292929293,0.2424242424242424,0.1717171717171717,0.0606060606060606,0.0202020202020202,0.0101010101010101,0.0,0.0,0.0
29-1218,0.31,0.42,0.18,0.08,0.01,0.0,0.0,0.0,0.0,0.0
29-1221,0.27,0.35,0.22,0.11,0.03,0.01,0.01,0.0,0.0,0.0
29-1222,0.34,0.29,0.18,0.1,0.04,0.02,0.02,0.01,0.0,0.0
29-1223,0.22999999999999998,0.23,0.19,0.16,0.08,0.04,0.04,0.02,0.01,0.0
29-1224,0.32,0.28,0.17,0.12,0.05,0.02,0.03,0.01,0.0,0.0
29-1229,0.22,0.31,0.21,0.14,0.06,0.03,0.02,0.01,0.0,0.0
29-1241,0.36,0.4,0.17,0.06,0.01,0.0,0.0,0.0,0.0,0.0
29-1242,0.4,0.45,0.12,0.03,0.0,0.0,0.0,0.0,0.0,0.0
29-1243,0.5,0.39,0.09,0.02,0.0,0.0,0.0,0.0,0.0,0.0
29-1291,0.5700000000000001,0.31,0.09,0.03,0.0,0.0,0.0,0.0,0.0,0.0
29-1292,0.46,0.35,0.14,0.04,0.01,0.0,0.0,0.0,0.0,0.0
29-1299,0.29,0.27,0.2,0.14,0.05,0.02,0.02,0.01,0.0,0.0
29-2031,0.53,0.31,0.11,0.04,0.01,0.0,0.0,0.0,0.0,0.0
29-2032,0.54,0.33,0.1,0.03,0.0,0.0,0.0,0.0,0.0,0.0
29-2033,0.54,0.33,0.1,0.03,0.0,0.0,0.0,0.0,0.0,0.0
29-2034,0.49,0.32,0.13,0.05,0.01,0.0,0.0,0.0,0.0,0.0
29-2035,0.49,0.38,0.1,0.03,0.0,0.0,0.0,0.0,0.0,0.0
29-2042,0.64,0.27,0.07,0.02,0.0,0.0,0.0,0.0,0.0,0.0
29-2043,0.59,0.31,0.08,0.02,0.0,0.0,0.0,0.0,0.0,0.0
29-2051,0.34,0.32,0.21,0.1,0.02,0.01,0.0,0.0,0.0,0.0
29-2052,0.53,0.26,0.11,0.06,0.02,0.01,0.01,0.0,0.0,0.0
29-2053,0.5,0.36,0.11,0.03,0.0,0.0,0.0,0.0,0.0,0.0
29-2055,0.84,0.12,0.03,0.01,0.0,0.0,0.0,0.0,0.0,0.0
29-2056,0.54,0.33,0.1,0.03,0.0,0.0,0.0,0.0,0.0,0.0
29-2057,0.61,0.25,0.1,0.03,0.01,0.0,0.0,0.0,0.0,0.0
29-2061,0.4,0.41000000000000003,0.15,0.04,0.0,0.0,0.0,0.0,0.0,0.0
29-2072,0.14,0.1,0.12,0.14,0.11,0.09,0.15,0.1,0.04,0.01
29-2081,0.63,0.26,0.08,0.03,0.0,0.0,0.0,0.0,0.0,0.0
29-2091,0.53,0.31,0.11,0.04,0.01,0.0,0.0,0.0,0.0,0.0
29-2092,0.62,0.26,0.08,0.03,0.01,0.0,0.0,0.0,0.0,0.0
29-2099,0.40404040404040403,0.3333333333333333,0.1717171717171717,0.0808080808080808,0.0101010101010101,0.0,0.0,0.0,0.0,0.0
29-9021,0.1,0.09,0.15,0.2,0.15,0.12,0.12,0.06,0.01,0.0
29-9091,0.53,0.33,0.11,0.03,0.0,0.0,0.0,0.0,0.0,0.0
29-9092,0.31,0.27,0.17,0.13,0.05,0.03,0.03,0.01,0.0,0.0
29-9093,0.8080808080808081,0.1414141414141414,0.0404040404040404,0.0101010101010101,0.0,0.0,0.0,0.0,0.0,0.0
29-9099,0.29,0.27999999999999997,0.2,0.14,0.05,0.02,0.01,0.01,0.0,0.0
31-1131,0.64,0.28,0.07,0.01,0.0,0.0,0.0,0.0,0.0,0.0
31-1132,0.9393939393939393,0.050505050505050504,0.0101010101010101,0.0,0.0,0.0,0.0,0.0,0.0,0.0
31-1133,0.76,0.19,0.04,0.01,0.0,0.0,0.0,0.0,0.0,0.0
31-2011,0.39,0.38,0.17,0.05,0.01,0.0,0.0,0.0,0.0,0.0
31-2012,0.88,0.09,0.02,0.01,0.0,0.0,0.0,0.0,0.0,0.0
31-2021,0.45,0.4,0.12,0.03,0.0,0.0,0.0,0.0,0.0,0.0
31-2022,0.9,0.09,0.01,0.0,0.0,0.0,0.0,0.0,0.0,0.0
31-9011,0.7,0.24,0.05,0.01,0.0,0.0,0.0,0.0,0.0,0.0
31-9091,0.27,0.39,0.22,0.09,0.02,0.01,0.0,0.0,0.0,0.0
31-9092,0.14,0.22,0.27,0.21,0.09,0.04,0.02,0.01,0.0,0.0
31-9093,0.77,0.18000000000000002,0.04,0.01,0.0,0.0,0.0,0.0,0.0,0.0
31-9094,0.24000000000000002,0.09,0.07,0.09,0.06,0.06,0.11,0.13,0.11,0.04
31-9095,0.51,0.25,0.12,0.06,0.02,0.01,0.02,0.01,0.0,0.0
31-9096,0.65,0.27,0.06,0.02,0.0,0.0,0.0,0.0,0.0,0.0
31-9097,0.76,0.17,0.05,0.02,0.0,0.0,0.0,0.0,0.0,0.0
31-9099,0.5700000000000001,0.3,0.09,0.03,0.01,0.0,0.0,0.0,0.0,0.0
33-1011,0.66,0.26,0.06,0.02,0.0,0.0,0.0,0.0,0.0,0.0
33-1012,0.44,0.34,0.15,0.06,0.01,0.0,0.0,0.0,0.0,0.0
33-1021,0.5656565656565656,0.3434343434343434,0.0707070707070707,0.0202020202020202,0.0,0.0,0.0,0.0,0.0,0.0
33-2011,0.66,0.28,0.05,0.01,0.0,0.0,0.0,0.0,0.0,0.0
33-2021,0.41,0.36,0.16,0.06,0.01,0.0,0.0,0.0,0.0,0.0
33-2022,0.54,0.33,0.1,0.03,0.0,0.0,0.0,0.0,0.0,0.0
33-3011,0.87,0.1,0.02,0.01,0.0,0.0,0.0,0.0,0.0,0.0
33-3012,0.66,0.28,0.05,0.01,0.0,0.0,0.0,0.0,0.0,0.0
33-3021,0.22,0.33,0.25,0.14,0.04,0.01,0.01,0.0,0.0,0.0
33-3031,0.59,0.34,0.06,0.01,0.0,0.0,0.0,0.0,0.0,0.0
33-3041,0.84,0.12,0.03,0.01,0.0,0.0,0.0,0.0,0.0,0.0
33-3051,0.52,0.37,0.09,0.02,0.0,0.0,0.0,0.0,0.0,0.0
33-3052,0.62,0.3,0.06,0.02,0.0,0.0,0.0,0.0,0.0,0.0
33-9011,0.76,0.2,0.03,0.01,0.0,0.0,0.0,0.0,0.0,0.0
33-9021,0.19,0.27,0.25,0.16,0.07,0.03,0.02,0.01,0.0,0.0
33-9031,0.65,0.26,0.07,0.02,0.0,0.0,0.0,0.0,0.0,0.0
33-9032,0.76,0.19,0.04,0.01,0.0,0.0,0.0,0.0,0.0,0.0
33-9091,0.96,0.03,0.01,0.0,0.0,0.0,0.0,0.0,0.0,0.0
33-9092,1.0,0.0,0.0,0.0,0.0,0.0,0.0,0.0,0.0,0.0
33-9093,0.88,0.09,0.02,0.01,0.0,0.0,0.0,0.0,0.0,0.0
33-9099,0.63,0.26,0.07,0.03,0.01,0.0,0.0,0.0,0.0,0.0
35-1011,0.89,0.07,0.02,0.01,0.0,0.0,0.0,0.0,0.0,0.01
35-1012,0.64,0.27,0.06,0.03,0.0,0.0,0.0,0.0,0.0,0.0
35-2011,0.98,0.02,0.0,0.0,0.0,0.0,0.0,0.0,0.0,0.0
35-2012,0.97,0.02,0.01,0.0,0.0,0.0,0.0,0.0,0.0,0.0
35-2013,0.95,0.03,0.01,0.01,0.0,0.0,0.0,0.0,0.0,0.0
35-2014,0.91,0.060000000000000005,0.02,0.01,0.0,0.0,0.0,0.0,0.0,0.0
35-2015,0.97,0.02,0.01,0.0,0.0,0.0,0.0,0.0,0.0,0.0
35-2021,0.92,0.06,0.01,0.01,0.0,0.0,0.0,0.0,0.0,0.0
35-3011,0.99,0.0,0.0,0.0,0.0,0.0,0.0,0.0,0.0,0.01
35-3023,0.78,0.17,0.04,0.01,0.0,0.0,0.0,0.0,0.0,0.0
35-3031,0.81,0.15,0.03,0.01,0.0,0.0,0.0,0.0,0.0,0.0
35-3041,0.91,0.08,0.01,0.0,0.0,0.0,0.0,0.0,0.0,0.0
35-9011,0.98,0.02,0.0,0.0,0.0,0.0,0.0,0.0,0.0,0.0
35-9021,1.0,0.0,0.0,0.0,0.0,0.0,0.0,0.0,0.0,0.0
35-9031,0.8181818181818181,0.1414141414141414,0.0303030303030303,0.0101010101010101,0.0,0.0,0.0,0.0,0.0,0.0
37-1011,0.58,0.32,0.08,0.02,0.0,0.0,0.0,0.0,0.0,0.0
37-1012,0.5,0.37,0.11,0.02,0.0,0.0,0.0,0.0,0.0,0.0
37-2011,0.91,0.08,0.01,0.0,0.0,0.0,0.0,0.0,0.0,0.0
37-2012,0.9393939393939393,0.050505050505050504,0.0101010101010101,0.0,0.0,0.0,0.0,0.0,0.0,0.0
37-2021,0.75,0.2,0.04,0.01,0.0,0.0,0.0,0.0,0.0,0.0
37-3011,0.9,0.09,0.01,0.0,0.0,0.0,0.0,0.0,0.0,0.0
37-3012,0.77,0.18,0.04,0.01,0.0,0.0,0.0,0.0,0.0,0.0
37-3013,0.94,0.05,0.01,0.0,0.0,0.0,0.0,0.0,0.0,0.0
39-1013,0.63,0.26,0.08,0.03,0.0,0.0,0.0,0.0,0.0,0.0
39-1014,0.46,0.33,0.14,0.06,0.01,0.0,0.0,0.0,0.0,0.0
39-1022,0.5,0.3,0.13,0.06,0.01,0.0,0.0,0.0,0.0,0.0
39-2011,0.87,0.12,0.01,0.0,0.0,0.0,0.0,0.0,0.0,0.0
39-2021,0.74,0.22,0.03,0.01,0.0,0.0,0.0,0.0,0.0,0.0
39-3011,0.93,0.05,0.01,0.01,0.0,0.0,0.0,0.0,0.0,0.0
39-3012,0.7,0.18,0.06,0.03,0.01,0.0,0.01,0.01,0.0,0.0
39-3021,0.93,0.05,0.01,0.01,0.0,0.0,0.0,0.0,0.0,0.0
39-3031,0.93,0.06,0.01,0.0,0.0,0.0,0.0,0.0,0.0,0.0
39-3091,0.75,0.2,0.04,0.01,0.0,0.0,0.0,0.0,0.0,0.0
39-3092,0.9393939393939393,0.050505050505050504,0.0101010101010101,0.0,0.0,0.0,0.0,0.0,0.0,0.0
39-3093,1.0,0.0,0.0,0.0,0.0,0.0,0.0,0.0,0.0,0.0
39-4011,0.89,0.08,0.02,0.01,0.0,0.0,0.0,0.0,0.0,0.0
39-4021,0.91,0.06,0.02,0.01,0.0,0.0,0.0,0.0,0.0,0.0
39-4031,0.51,0.28,0.12,0.06,0.02,0.01,0.0,0.0,0.0,0.0
39-5011,0.91,0.06,0.02,0.01,0.0,0.0,0.0,0.0,0.0,0.0
39-5012,0.76,0.18,0.05,0.01,0.0,0.0,0.0,0.0,0.0,0.0
39-5091,0.85,0.11,0.03,0.01,0.0,0.0,0.0,0.0,0.0,0.0
39-5092,0.91,0.06,0.02,0.01,0.0,0.0,0.0,0.0,0.0,0.0
39-5093,0.99,0.01,0.0,0.0,0.0,0.0,0.0,0.0,0.0,0.0
39-5094,0.71,0.22,0.05,0.02,0.0,0.0,0.0,0.0,0.0,0.0
39-6011,0.95,0.04,0.01,0.0,0.0,0.0,0.0,0.0,0.0,0.0
39-6012,0.4,0.3,0.17,0.08,0.03,0.01,0.01,0.0,0.0,0.0
39-9011,0.83,0.14,0.02,0.01,0.0,0.0,0.0,0.0,0.0,0.0
39-9031,0.63,0.28,0.07,0.02,0.0,0.0,0.0,0.0,0.0,0.0
39-9032,0.49,0.35,0.12,0.04,0.0,0.0,0.0,0.0,0.0,0.0
39-9041,0.42,0.38,0.15,0.04,0.01,0.0,0.0,0.0,0.0,0.0
41-1011,0.21,0.31,0.24,0.15,0.06,0.02,0.01,0.0,0.0,0.0
41-1012,0.12,0.21,0.26,0.22,0.1,0.05,0.03,0.01,0.0,0.0
41-2011,0.75,0.18000000000000002,0.05,0.02,0.0,0.0,0.0,0.0,0.0,0.0
41-2012,0.89,0.08,0.02,0.01,0.0,0.0,0.0,0.0,0.0,0.0
41-2021,0.58,0.24,0.1,0.05,0.01,0.01,0.01,0.0,0.0,0.0
41-2022,0.45,0.29,0.14,0.07,0.02,0.01,0.01,0.01,0.0,0.0
41-2031,0.51,0.36,0.1,0.03,0.0,0.0,0.0,0.0,0.0,0.0
41-3011,0.25,0.29,0.2,0.14,0.06,0.02,0.02,0.01,0.01,0.0
41-3021,0.24,0.29000000000000004,0.21,0.14,0.06,0.03,0.02,0.01,0.0,0.0
41-3031,0.16,0.2,0.2,0.17,0.11,0.06,0.06,0.03,0.01,0.0
41-3041,0.14,0.1,0.15,0.2,0.14,0.09,0.1,0.06,0.02,0.0
41-4011,0.15,0.28,0.26,0.18,0.07,0.03,0.02,0.01,0.0,0.0
41-4012,0.21,0.36,0.25,0.13,0.03,0.01,0.01,0.0,0.0,0.0
41-9011,0.78,0.17,0.04,0.01,0.0,0.0,0.0,0.0,0.0,0.0
41-9012,0.84,0.12,0.03,0.01,0.0,0.0,0.0,0.0,0.0,0.0
41-9021,0.16,0.22,0.25,0.2,0.09,0.04,0.03,0.01,0.0,0.0
41-9022,0.18,0.3,0.26,0.16,0.06,0.02,0.01,0.01,0.0,0.0
41-9031,0.1,0.16,0.22,0.23,0.14,0.07,0.06,0.02,0.0,0.0
41-9041,0.37,0.15,0.1,0.09,0.05,0.04,0.06,0.07,0.05,0.02
41-9091,0.89,0.1,0.01,0.0,0.0,0.0,0.0,0.0,0.0,0.0
43-1011,0.12,0.18,0.24000000000000002,0.21,0.12,0.06,0.05,0.02,0.0,0.0
43-2011,0.59,0.15,0.08,0.05,0.02,0.02,0.03,0.03,0.02,0.01
43-2021,0.63,0.11,0.05,0.04,0.02,0.02,0.04,0.04,0.03,0.02
43-3011,0.24000000000000002,0.22,0.19,0.14,0.07,0.05,0.05,0.03,0.01,0.0
43-3021,0.14,0.09,0.11,0.13,0.1,0.09,0.23,0.07,0.03,0.01
43-3031,0.09,0.08,0.11,0.14,0.12,0.11,0.21,0.1,0.03,0.01
43-3041,0.64,0.19,0.07,0.04,0.02,0.01,0.02,0.01,0.0,0.0
43-3051,0.24,0.12,0.11,0.11,0.08,0.07,0.14,0.08,0.04,0.01
43-3061,0.19,0.13999999999999999,0.13,0.14,0.08,0.07,0.15,0.06,0.03,0.01
43-3071,0.5,0.27,0.12,0.06,0.02,0.01,0.01,0.01,0.0,0.0
43-4011,0.34,0.18,0.1,0.09,0.05,0.04,0.08,0.07,0.03,0.02
43-4021,0.13,0.07,0.09,0.12,0.1,0.09,0.14,0.15,0.1,0.01
43-4031,0.18,0.15,0.18,0.17,0.11,0.08,0.09,0.03,0.01,0.0
43-4041,0.23,0.13,0.13,0.14,0.08,0.07,0.1,0.08,0.03,0.01
43-4051,0.13,0.09,0.14,0.17,0.12,0.09,0.12,0.09,0.04,0.01
43-4061,0.29,0.21,0.17,0.14,0.07,0.05,0.04,0.02,0.01,0.0
43-4071,0.35,0.19,0.11,0.09,0.05,0.05,0.1,0.04,0.01,0.01
43-4081,0.43,0.24,0.13,0.08,0.04,0.03,0.03,0.01,0.01,0.0
43-4111,0.31,0.19,0.13,0.12,0.06,0.05,0.08,0.04,0.01,0.01
43-4121,0.39,0.3,0.16,0.08,0.03,0.01,0.02,0.01,0.0,0.0
43-4131,0.17,0.13,0.17,0.18,0.12,0.08,0.1,0.04,0.01,0.0
43-4141,0.36,0.24,0.15,0.1,0.04,0.03,0.04,0.03,0.01,0.0
43-4151,0.19,0.14,0.16,0.16,0.09,0.08,0.13,0.04,0.01,0.0
43-4161,0.18,0.14,0.14,0.15,0.09,0.08,0.14,0.05,0.02,0.01
43-4171,0.32,0.27,0.16,0.11,0.05,0.03,0.03,0.02,0.01,0.0
43-4181,0.28,0.19,0.15,0.13,0.07,0.05,0.07,0.04,0.01,0.01
43-5011,0.27,0.25,0.21,0.14,0.06,0.03,0.03,0.01,0.0,0.0
43-5021,0.79,0.17,0.03,0.01,0.0,0.0,0.0,0.0,0.0,0.0
43-5031,0.51,0.26,0.11,0.06,0.02,0.01,0.01,0.01,0.01,0.0
43-5032,0.29,0.23,0.19,0.14,0.06,0.03,0.03,0.02,0.01,0.0
43-5041,0.8,0.12,0.03,0.02,0.01,0.0,0.01,0.0,0.0,0.01
43-5051,0.66,0.22,0.07,0.03,0.01,0.0,0.01,0.0,0.0,0.0
43-5052,0.91,0.08,0.01,0.0,0.0,0.0,0.0,0.0,0.0,0.0
43-5053,0.76,0.19,0.04,0.01,0.0,0.0,0.0,0.0,0.0,0.0
43-5061,0.2,0.14,0.16,0.19,0.11,0.07,0.08,0.04,0.01,0.0
43-5071,0.29,0.29,0.2,0.12,0.04,0.02,0.03,0.01,0.0,0.0
43-5111,0.31,0.22,0.15,0.11,0.06,0.04,0.08,0.02,0.01,0.0
43-6011,0.04,0.05,0.11,0.2,0.18,0.14,0.17,0.09,0.02,0.0
43-6012,0.07,0.06,0.11,0.18000000000000002,0.16,0.13,0.16,0.1,0.03,0.0
43-6013,0.1,0.11,0.15,0.17,0.14,0.1,0.14,0.07,0.02,0.0
43-6014,0.09,0.1,0.15,0.18,0.15,0.12,0.12,0.07,0.02,0.0
43-9021,0.09,0.01,0.01,0.01,0.01,0.02,0.81,0.01,0.02,0.01
43-9022,0.13,0.08,0.09,0.11,0.09,0.1,0.26,0.09,0.04,0.01
43-9031,0.33,0.21,0.13,0.11,0.06,0.04,0.06,0.04,0.01,0.01
43-9041,0.13,0.08,0.1,0.12,0.12,0.11,0.21,0.09,0.03,0.01
43-9051,0.6868686868686869,0.1919191919191919,0.0707070707070707,0.0303030303030303,0.0101010101010101,0.0,0.0101010101010101,0.0,0.0,0.0
43-9061,0.09,0.09,0.15,0.19,0.16,0.13,0.14,0.04,0.01,0.0
43-9071,0.76,0.17,0.04,0.02,0.01,0.0,0.0,0.0,0.0,0.0
43-9081,0.2,0.12,0.11,0.13,0.07,0.06,0.09,0.11,0.09,0.02
43-9111,0.13,0.09,0.13,0.15,0.12,0.1,0.13999999999999999,0.1,0.03,0.01
45-1011,0.61,0.3,0.07,0.02,0.0,0.0,0.0,0.0,0.0,0.0
45-2011,0.61,0.29,0.08,0.02,0.0,0.0,0.0,0.0,0.0,0.0
45-2021,0.66,0.25,0.07,0.02,0.0,0.0,0.0,0.0,0.0,0.0
45-2041,0.9393939393939393,0.050505050505050504,0.0101010101010101,0.0,0.0,0.0,0.0,0.0,0.0,0.0
45-2091,0.89,0.09,0.02,0.0,0.0,0.0,0.0,0.0,0.0,0.0
45-2092,0.92,0.07,0.01,0.0,0.0,0.0,0.0,0.0,0.0,0.0
45-2093,0.85,0.14,0.01,0.0,0.0,0.0,0.0,0.0,0.0,0.0
45-4011,0.87,0.12,0.01,0.0,0.0,0.0,0.0,0.0,0.0,0.0
45-4021,0.95,0.04,0.01,0.0,0.0,0.0,0.0,0.0,0.0,0.0
45-4022,0.92,0.07,0.01,0.0,0.0,0.0,0.0,0.0,0.0,0.0
45-4023,0.84,0.12,0.03,0.01,0.0,0.0,0.0,0.0,0.0,0.0
47-1011,0.53,0.34,0.1,0.03,0.0,0.0,0.0,0.0,0.0,0.0
47-2011,0.81,0.15,0.03,0.01,0.0,0.0,0.0,0.0,0.0,0.0
47-2021,0.91,0.08,0.01,0.0,0.0,0.0,0.0,0.0,0.0,0.0
47-2022,0.91,0.08,0.01,0.0,0.0,0.0,0.0,0.0,0.0,0.0
47-2031,0.73,0.22,0.04,0.01,0.0,0.0,0.0,0.0,0.0,0.0
47-2041,0.9393939393939393,0.050505050505050504,0.0101010101010101,0.0,0.0,0.0,0.0,0.0,0.0,0.0
47-2042,0.93,0.06,0.01,0.0,0.0,0.0,0.0,0.0,0.0,0.0
47-2043,0.95,0.04,0.01,0.0,0.0,0.0,0.0,0.0,0.0,0.0
47-2044,0.88,0.11,0.01,0.0,0.0,0.0,0.0,0.0,0.0,0.0
47-2051,0.92,0.07,0.01,0.0,0.0,0.0,0.0,0.0,0.0,0.0
47-2053,0.93,0.06,0.01,0.0,0.0,0.0,0.0,0.0,0.0,0.0
47-2061,0.92,0.07,0.01,0.0,0.0,0.0,0.0,0.0,0.0,0.0
47-2071,0.91,0.08,0.01,0.0,0.0,0.0,0.0,0.0,0.0,0.0
47-2072,0.92,0.07,0.01,0.0,0.0,0.0,0.0,0.0,0.0,0.0
47-2073,0.83,0.15,0.02,0.0,0.0,0.0,0.0,0.0,0.0,0.0
47-2081,0.88,0.1,0.02,0.0,0.0,0.0,0.0,0.0,0.0,0.0
47-2082,0.96,0.03,0.01,0.0,0.0,0.0,0.0,0.0,0.0,0.0
47-2111,0.58,0.33,0.08,0.01,0.0,0.0,0.0,0.0,0.0,0.0
47-2121,0.84,0.13,0.02,0.01,0.0,0.0,0.0,0.0,0.0,0.0
47-2131,0.92,0.07,0.01,0.0,0.0,0.0,0.0,0.0,0.0,0.0
47-2132,0.9,0.08,0.01,0.01,0.0,0.0,0.0,0.0,0.0,0.0
47-2141,0.89,0.09,0.02,0.0,0.0,0.0,0.0,0.0,0.0,0.0
47-2142,0.93,0.06,0.01,0.0,0.0,0.0,0.0,0.0,0.0,0.0
47-2151,0.9393939393939393,0.050505050505050504,0.0101010101010101,0.0,0.0,0.0,0.0,0.0,0.0,0.0
47-2152,0.68,0.25,0.06,0.01,0.0,0.0,0.0,0.0,0.0,0.0
47-2161,0.93,0.06,0.01,0.0,0.0,0.0,0.0,0.0,0.0,0.0
47-2171,0.93,0.06,0.01,0.0,0.0,0.0,0.0,0.0,0.0,0.0
47-2181,0.89,0.1,0.01,0.0,0.0,0.0,0.0,0.0,0.0,0.0
47-2211,0.76,0.19,0.04,0.01,0.0,0.0,0.0,0.0,0.0,0.0
47-2221,0.87,0.11,0.02,0.0,0.0,0.0,0.0,0.0,0.0,0.0
47-2231,0.76,0.19,0.04,0.01,0.0,0.0,0.0,0.0,0.0,0.0
47-3011,0.97,0.03,0.0,0.0,0.0,0.0,0.0,0.0,0.0,0.0
47-3012,0.95,0.04,0.01,0.0,0.0,0.0,0.0,0.0,0.0,0.0
47-3013,0.9393939393939393,0.050505050505050504,0.0101010101010101,0.0,0.0,0.0,0.0,0.0,0.0,0.0
47-3014,0.95,0.04,0.01,0.0,0.0,0.0,0.0,0.0,0.0,0.0
47-3015,0.94,0.05,0.01,0.0,0.0,0.0,0.0,0.0,0.0,0.0
47-3016,0.98,0.02,0.0,0.0,0.0,0.0,0.0,0.0,0.0,0.0
47-4011,0.51,0.32,0.12,0.04,0.01,0.0,0.0,0.0,0.0,0.0
47-4021,0.79,0.17,0.03,0.01,0.0,0.0,0.0,0.0,0.0,0.0
47-4031,0.95,0.04,0.01,0.0,0.0,0.0,0.0,0.0,0.0,0.0
47-4041,0.7,0.25,0.04,0.01,0.0,0.0,0.0,0.0,0.0,0.0
47-4051,0.9,0.09,0.01,0.0,0.0,0.0,0.0,0.0,0.0,0.0
47-4061,0.89,0.09999999999999999,0.01,0.0,0.0,0.0,0.0,0.0,0.0,0.0
47-4071,0.91,0.08,0.01,0.0,0.0,0.0,0.0,0.0,0.0,0.0
47-5011,0.86,0.11,0.02,0.01,0.0,0.0,0.0,0.0,0.0,0.0
47-5012,0.78,0.18,0.03,0.01,0.0,0.0,0.0,0.0,0.0,0.0
47-5013,0.8,0.16,0.03,0.01,0.0,0.0,0.0,0.0,0.0,0.0
47-5022,0.93,0.06,0.01,0.0,0.0,0.0,0.0,0.0,0.0,0.0
47-5023,0.87,0.11,0.02,0.0,0.0,0.0,0.0,0.0,0.0,0.0
47-5032,0.8,0.16,0.03,0.01,0.0,0.0,0.0,0.0,0.0,0.0
47-5041,0.9393939393939393,0.050505050505050504,0.0101010101010101,0.0,0.0,0.0,0.0,0.0,0.0,0.0
47-5043,0.96,0.03,0.01,0.0,0.0,0.0,0.0,0.0,0.0,0.0
47-5044,0.93,0.06,0.01,0.0,0.0,0.0,0.0,0.0,0.0,0.0
47-5051,0.99,0.01,0.0,0.0,0.0,0.0,0.0,0.0,0.0,0.0
47-5071,0.9393939393939393,0.050505050505050504,0.0101010101010101,0.0,0.0,0.0,0.0,0.0,0.0,0.0
47-5081,0.97,0.03,0.0,0.0,0.0,0.0,0.0,0.0,0.0,0.0
49-1011,0.58,0.31,0.08,0.03,0.0,0.0,0.0,0.0,0.0,0.0
49-2011,0.5,0.34,0.11,0.04,0.01,0.0,0.0,0.0,0.0,0.0
49-2021,0.65,0.28,0.06,0.01,0.0,0.0,0.0,0.0,0.0,0.0
49-2022,0.64,0.29,0.06,0.01,0.0,0.0,0.0,0.0,0.0,0.0
49-2091,0.58,0.31,0.08,0.03,0.0,0.0,0.0,0.0,0.0,0.0
49-2092,0.76,0.19,0.04,0.01,0.0,0.0,0.0,0.0,0.0,0.0
49-2093,0.7,0.25,0.04,0.01,0.0,0.0,0.0,0.0,0.0,0.0
49-2094,0.58,0.3,0.09,0.03,0.0,0.0,0.0,0.0,0.0,0.0
49-2095,0.73,0.21,0.05,0.01,0.0,0.0,0.0,0.0,0.0,0.0
49-2096,0.65,0.26,0.07,0.02,0.0,0.0,0.0,0.0,0.0,0.0
49-2097,0.77,0.18,0.04,0.01,0.0,0.0,0.0,0.0,0.0,0.0
49-2098,0.5757575757575758,0.3131313131313131,0.0909090909090909,0.0202020202020202,0.0,0.0,0.0,0.0,0.0,0.0
49-3011,0.66,0.26,0.06,0.02,0.0,0.0,0.0,0.0,0.0,0.0
49-3021,0.82,0.15,0.02,0.01,0.0,0.0,0.0,0.0,0.0,0.0
49-3022,0.88,0.09,0.02,0.01,0.0,0.0,0.0,0.0,0.0,0.0
49-3023,0.6,0.28,0.08,0.03,0.01,0.0,0.0,0.0,0.0,0.0
49-3031,0.65,0.29,0.05,0.01,0.0,0.0,0.0,0.0,0.0,0.0
49-3041,0.7,0.24,0.05,0.01,0.0,0.0,0.0,0.0,0.0,0.0
49-3042,0.6868686868686869,0.2525252525252525,0.050505050505050504,0.0101010101010101,0.0,0.0,0.0,0.0,0.0,0.0
49-3043,0.81,0.15,0.03,0.01,0.0,0.0,0.0,0.0,0.0,0.0
49-3051,0.8181818181818181,0.1515151515151515,0.0202020202020202,0.0101010101010101,0.0,0.0,0.0,0.0,0.0,0.0
49-3052,1.0,0.0,0.0,0.0,0.0,0.0,0.0,0.0,0.0,0.0
49-3053,0.77,0.19,0.03,0.01,0.0,0.0,0.0,0.0,0.0,0.0
49-3091,0.92,0.07,0.01,0.0,0.0,0.0,0.0,0.0,0.0,0.0
49-3092,0.71,0.24,0.04,0.01,0.0,0.0,0.0,0.0,0.0,0.0
49-3093,0.95,0.04,0.01,0.0,0.0,0.0,0.0,0.0,0.0,0.0
49-9011,0.8181818181818181,0.1515151515151515,0.0202020202020202,0.0101010101010101,0.0,0.0,0.0,0.0,0.0,0.0
49-9012,0.78,0.18,0.03,0.01,0.0,0.0,0.0,0.0,0.0,0.0
49-9021,0.6767676767676767,0.2626262626262626,0.050505050505050504,0.0101010101010101,0.0,0.0,0.0,0.0,0.0,0.0
49-9031,0.72,0.22,0.04,0.02,0.0,0.0,0.0,0.0,0.0,0.0
49-9041,0.67,0.25,0.06,0.02,0.0,0.0,0.0,0.0,0.0,0.0
49-9043,0.8282828282828283,0.1414141414141414,0.0202020202020202,0.0101010101010101,0.0,0.0,0.0,0.0,0.0,0.0
49-9044,0.8,0.16,0.03,0.01,0.0,0.0,0.0,0.0,0.0,0.0
49-9045,0.9,0.09,0.01,0.0,0.0,0.0,0.0,0.0,0.0,0.0
49-9051,0.84,0.13,0.02,0.01,0.0,0.0,0.0,0.0,0.0,0.0
49-9052,0.78,0.18,0.03,0.01,0.0,0.0,0.0,0.0,0.0,0.0
49-9061,0.83,0.14,0.02,0.01,0.0,0.0,0.0,0.0,0.0,0.0
49-9062,0.71,0.21,0.06,0.02,0.0,0.0,0.0,0.0,0.0,0.0
49-9063,0.81,0.15,0.03,0.01,0.0,0.0,0.0,0.0,0.0,0.0
49-9064,0.85,0.12,0.02,0.01,0.0,0.0,0.0,0.0,0.0,0.0
49-9071,0.6666666666666666,0.2727272727272727,0.050505050505050504,0.0101010101010101,0.0,0.0,0.0,0.0,0.0,0.0
49-9081,0.64,0.27,0.07,0.02,0.0,0.0,0.0,0.0,0.0,0.0
49-9091,0.79,0.17,0.03,0.01,0.0,0.0,0.0,0.0,0.0,0.0
49-9092,0.85,0.13,0.02,0.0,0.0,0.0,0.0,0.0,0.0,0.0
49-9094,0.84,0.13,0.02,0.01,0.0,0.0,0.0,0.0,0.0,0.0
49-9095,0.88,0.1,0.02,0.0,0.0,0.0,0.0,0.0,0.0,0.0
49-9096,0.83,0.14,0.02,0.01,0.0,0.0,0.0,0.0,0.0,0.0
49-9097,0.81,0.15,0.03,0.01,0.0,0.0,0.0,0.0,0.0,0.0
49-9098,0.92,0.07,0.01,0.0,0.0,0.0,0.0,0.0,0.0,0.0
49-9099,0.67,0.26,0.05,0.02,0.0,0.0,0.0,0.0,0.0,0.0
51-1011,0.45,0.36,0.14,0.04,0.01,0.0,0.0,0.0,0.0,0.0
51-2011,0.84,0.14,0.02,0.0,0.0,0.0,0.0,0.0,0.0,0.0
51-2021,0.9393939393939393,0.050505050505050504,0.0101010101010101,0.0,0.0,0.0,0.0,0.0,0.0,0.0
51-2031,0.8181818181818181,0.1515151515151515,0.0202020202020202,0.0101010101010101,0.0,0.0,0.0,0.0,0.0,0.0
51-2041,0.8,0.16,0.03,0.01,0.0,0.0,0.0,0.0,0.0,0.0
51-2051,0.9,0.09,0.01,0.0,0.0,0.0,0.0,0.0,0.0,0.0
51-2061,0.9,0.08,0.01,0.01,0.0,0.0,0.0,0.0,0.0,0.0
51-3011,0.8,0.16,0.03,0.01,0.0,0.0,0.0,0.0,0.0,0.0
51-3021,0.93,0.06,0.01,0.0,0.0,0.0,0.0,0.0,0.0,0.0
51-3022,0.98,0.02,0.0,0.0,0.0,0.0,0.0,0.0,0.0,0.0
51-3023,0.95,0.04,0.01,0.0,0.0,0.0,0.0,0.0,0.0,0.0
51-3091,0.91,0.07,0.01,0.01,0.0,0.0,0.0,0.0,0.0,0.0
51-3092,0.86,0.1,0.03,0.01,0.0,0.0,0.0,0.0,0.0,0.0
51-3093,0.97,0.03,0.0,0.0,0.0,0.0,0.0,0.0,0.0,0.0
51-4021,0.84,0.13,0.02,0.01,0.0,0.0,0.0,0.0,0.0,0.0
51-4022,0.88,0.11,0.01,0.0,0.0,0.0,0.0,0.0,0.0,0.0
51-4023,0.84,0.13,0.02,0.01,0.0,0.0,0.0,0.0,0.0,0.0
51-4031,0.85,0.12,0.02,0.01,0.0,0.0,0.0,0.0,0.0,0.0
51-4032,0.8181818181818181,0.1414141414141414,0.0303030303030303,0.0101010101010101,0.0,0.0,0.0,0.0,0.0,0.0
51-4033,0.83,0.14,0.02,0.01,0.0,0.0,0.0,0.0,0.0,0.0
51-4034,0.81,0.15,0.03,0.01,0.0,0.0,0.0,0.0,0.0,0.0
51-4035,0.8,0.16,0.03,0.01,0.0,0.0,0.0,0.0,0.0,0.0
51-4041,0.58,0.3,0.09,0.03,0.0,0.0,0.0,0.0,0.0,0.0
51-4051,0.87,0.1,0.02,0.01,0.0,0.0,0.0,0.0,0.0,0.0
51-4052,0.97,0.03,0.0,0.0,0.0,0.0,0.0,0.0,0.0,0.0
51-4061,0.79,0.17,0.03,0.01,0.0,0.0,0.0,0.0,0.0,0.0
51-4062,0.81,0.15,0.03,0.01,0.0,0.0,0.0,0.0,0.0,0.0
51-4071,0.89,0.1,0.01,0.0,0.0,0.0,0.0,0.0,0.0,0.0
51-4072,0.8181818181818181,0.1515151515151515,0.0202020202020202,0.0101010101010101,0.0,0.0,0.0,0.0,0.0,0.0
51-4081,0.78,0.18,0.03,0.01,0.0,0.0,0.0,0.0,0.0,0.0
51-4111,0.6767676767676767,0.2626262626262626,0.050505050505050504,0.0101010101010101,0.0,0.0,0.0,0.0,0.0,0.0
51-4121,0.84,0.13,0.02,0.01,0.0,0.0,0.0,0.0,0.0,0.0
51-4122,0.76,0.18,0.05,0.01,0.0,0.0,0.0,0.0,0.0,0.0
51-4191,0.8181818181818181,0.1414141414141414,0.0303030303030303,0.0101010101010101,0.0,0.0,0.0,0.0,0.0,0.0
51-4192,0.79,0.16,0.04,0.01,0.0,0.0,0.0,0.0,0.0,0.0
51-4193,0.87,0.1,0.02,0.01,0.0,0.0,0.0,0.0,0.0,0.0
51-4194,0.9393939393939393,0.050505050505050504,0.0101010101010101,0.0,0.0,0.0,0.0,0.0,0.0,0.0
51-5111,0.28,0.21,0.15,0.13,0.08,0.05,0.05,0.04,0.01,0.0
51-5112,0.7,0.23,0.05,0.02,0.0,0.0,0.0,0.0,0.0,0.0
51-5113,0.9393939393939393,0.050505050505050504,0.0101010101010101,0.0,0.0,0.0,0.0,0.0,0.0,0.0
51-6011,0.9393939393939393,0.050505050505050504,0.0101010101010101,0.0,0.0,0.0,0.0,0.0,0.0,0.0
51-6021,0.96,0.03,0.01,0.0,0.0,0.0,0.0,0.0,0.0,0.0
51-6031,0.9393939393939393,0.050505050505050504,0.0101010101010101,0.0,0.0,0.0,0.0,0.0,0.0,0.0
51-6041,0.93,0.06,0.01,0.0,0.0,0.0,0.0,0.0,0.0,0.0
51-6042,0.95,0.04,0.01,0.0,0.0,0.0,0.0,0.0,0.0,0.0
51-6051,0.95,0.04,0.01,0.0,0.0,0.0,0.0,0.0,0.0,0.0
51-6052,0.71,0.21,0.06,0.02,0.0,0.0,0.0,0.0,0.0,0.0
51-6061,0.88,0.09,0.02,0.01,0.0,0.0,0.0,0.0,0.0,0.0
51-6062,0.92,0.06,0.01,0.01,0.0,0.0,0.0,0.0,0.0,0.0
51-6063,0.87,0.1,0.02,0.01,0.0,0.0,0.0,0.0,0.0,0.0
51-6064,0.92,0.07,0.01,0.0,0.0,0.0,0.0,0.0,0.0,0.0
51-6091,0.89,0.09,0.02,0.0,0.0,0.0,0.0,0.0,0.0,0.0
51-6092,0.61,0.22,0.09,0.04,0.02,0.01,0.01,0.0,0.0,0.0
51-6093,0.87,0.11,0.02,0.0,0.0,0.0,0.0,0.0,0.0,0.0
51-7011,0.8,0.16,0.03,0.01,0.0,0.0,0.0,0.0,0.0,0.0
51-7021,0.89,0.1,0.01,0.0,0.0,0.0,0.0,0.0,0.0,0.0
51-7031,0.81,0.15,0.03,0.01,0.0,0.0,0.0,0.0,0.0,0.0
51-7032,0.79,0.16,0.04,0.01,0.0,0.0,0.0,0.0,0.0,0.0
51-7041,0.79,0.16,0.04,0.01,0.0,0.0,0.0,0.0,0.0,0.0
51-7042,0.77,0.18,0.04,0.01,0.0,0.0,0.0,0.0,0.0,0.0
51-8011,0.6,0.27,0.09,0.03,0.01,0.0,0.0,0.0,0.0,0.0
51-8012,0.5,0.25,0.12,0.07,0.03,0.01,0.01,0.01,0.0,0.0
51-8013,0.64,0.27,0.07,0.02,0.0,0.0,0.0,0.0,0.0,0.0
51-8021,0.68,0.25,0.05,0.02,0.0,0.0,0.0,0.0,0.0,0.0
51-8031,0.58,0.31,0.08,0.03,0.0,0.0,0.0,0.0,0.0,0.0
51-8091,0.56,0.29,0.1,0.04,0.01,0.0,0.0,0.0,0.0,0.0
51-8092,0.78,0.17,0.04,0.01,0.0,0.0,0.0,0.0,0.0,0.0
51-8093,0.74,0.21000000000000002,0.04,0.01,0.0,0.0,0.0,0.0,0.0,0.0
51-8099,0.63,0.25,0.08,0.03,0.01,0.0,0.0,0.0,0.0,0.0
51-9011,0.77,0.19,0.03,0.01,0.0,0.0,0.0,0.0,0.0,0.0
51-9012,0.8,0.16,0.03,0.01,0.0,0.0,0.0,0.0,0.0,0.0
51-9021,0.88,0.1,0.01,0.01,0.0,0.0,0.0,0.0,0.0,0.0
51-9022,0.95,0.04,0.01,0.0,0.0,0.0,0.0,0.0,0.0,0.0
51-9023,0.85,0.12,0.02,0.01,0.0,0.0,0.0,0.0,0.0,0.0
51-9031,0.96,0.03,0.01,0.0,0.0,0.0,0.0,0.0,0.0,0.0
51-9032,0.88,0.09,0.02,0.01,0.0,0.0,0.0,0.0,0.0,0.0
51-9041,0.88,0.09,0.02,0.01,0.0,0.0,0.0,0.0,0.0,0.0
51-9051,0.87,0.1,0.02,0.01,0.0,0.0,0.0,0.0,0.0,0.0
51-9061,0.7,0.22,0.06,0.02,0.0,0.0,0.0,0.0,0.0,0.0
51-9071,0.61,0.29,0.08,0.02,0.0,0.0,0.0,0.0,0.0,0.0
51-9081,0.7979797979797979,0.1414141414141414,0.0404040404040404,0.0202020202020202,0.0,0.0,0.0,0.0,0.0,0.0
51-9082,0.71,0.23,0.05,0.01,0.0,0.0,0.0,0.0,0.0,0.0
51-9083,0.86,0.11,0.02,0.01,0.0,0.0,0.0,0.0,0.0,0.0
51-9111,0.88,0.1,0.01,0.01,0.0,0.0,0.0,0.0,0.0,0.0
51-9123,0.85,0.12,0.02,0.01,0.0,0.0,0.0,0.0,0.0,0.0
51-9124,0.83,0.14,0.02,0.01,0.0,0.0,0.0,0.0,0.0,0.0
51-9141,0.85,0.12,0.02,0.01,0.0,0.0,0.0,0.0,0.0,0.0
51-9151,0.68,0.18,0.07,0.03,0.01,0.01,0.01,0.01,0.0,0.0
51-9161,0.6868686868686869,0.23232323232323232,0.0606060606060606,0.0202020202020202,0.0,0.0,0.0,0.0,0.0,0.0
51-9162,0.22,0.2,0.18,0.16,0.09,0.06,0.06,0.03,0.0,0.0
51-9191,0.92,0.06999999999999999,0.01,0.0,0.0,0.0,0.0,0.0,0.0,0.0
51-9192,0.95,0.04,0.01,0.0,0.0,0.0,0.0,0.0,0.0,0.0
51-9193,0.9,0.08,0.01,0.01,0.0,0.0,0.0,0.0,0.0,0.0
51-9194,0.79,0.16,0.04,0.01,0.0,0.0,0.0,0.0,0.0,0.0
51-9195,0.9,0.09,0.01,0.0,0.0,0.0,0.0,0.0,0.0,0.0
51-9196,0.87,0.1,0.02,0.01,0.0,0.0,0.0,0.0,0.0,0.0
51-9197,0.99,0.01,0.0,0.0,0.0,0.0,0.0,0.0,0.0,0.0
51-9198,0.99,0.01,0.0,0.0,0.0,0.0,0.0,0.0,0.0,0.0
53-1041,0.6565656565656566,0.2828282828282828,0.050505050505050504,0.0101010101010101,0.0,0.0,0.0,0.0,0.0,0.0
53-2011,0.53,0.32,0.1,0.04,0.01,0.0,0.0,0.0,0.0,0.0
53-2012,0.58,0.31,0.08,0.03,0.0,0.0,0.0,0.0,0.0,0.0
53-2021,0.76,0.17,0.05,0.02,0.0,0.0,0.0,0.0,0.0,0.0
53-2022,0.5,0.33,0.12,0.04,0.01,0.0,0.0,0.0,0.0,0.0
53-2031,0.66,0.27,0.06,0.01,0.0,0.0,0.0,0.0,0.0,0.0
53-3011,0.92,0.06,0.01,0.01,0.0,0.0,0.0,0.0,0.0,0.0
53-3031,0.5555555555555556,0.3434343434343434,0.0808080808080808,0.0202020202020202,0.0,0.0,0.0,0.0,0.0,0.0
53-3032,0.65,0.29,0.05,0.01,0.0,0.0,0.0,0.0,0.0,0.0
53-3033,0.71,0.24,0.04,0.01,0.0,0.0,0.0,0.0,0.0,0.0
53-3051,0.92,0.07,0.01,0.0,0.0,0.0,0.0,0.0,0.0,0.0
53-3052,0.82,0.15,0.02,0.01,0.0,0.0,0.0,0.0,0.0,0.0
53-3053,0.77,0.18,0.04,0.01,0.0,0.0,0.0,0.0,0.0,0.0
53-3054,0.83,0.14,0.02,0.01,0.0,0.0,0.0,0.0,0.0,0.0
53-4011,0.79,0.17,0.03,0.01,0.0,0.0,0.0,0.0,0.0,0.0
53-4013,0.9393939393939393,0.050505050505050504,0.0101010101010101,0.0,0.0,0.0,0.0,0.0,0.0,0.0
53-4022,0.87,0.1,0.02,0.01,0.0,0.0,0.0,0.0,0.0,0.0
53-4031,0.65,0.27,0.06,0.02,0.0,0.0,0.0,0.0,0.0,0.0
53-4041,0.87,0.1,0.02,0.01,0.0,0.0,0.0,0.0,0.0,0.0
53-5011,0.89,0.1,0.01,0.0,0.0,0.0,0.0,0.0,0.0,0.0
53-5021,0.63,0.29,0.06,0.02,0.0,0.0,0.0,0.0,0.0,0.0
53-5022,0.91,0.08,0.01,0.0,0.0,0.0,0.0,0.0,0.0,0.0
53-5031,0.62,0.29,0.07,0.02,0.0,0.0,0.0,0.0,0.0,0.0
53-6011,0.89,0.09999999999999999,0.01,0.0,0.0,0.0,0.0,0.0,0.0,0.0
53-6021,0.92,0.07,0.01,0.0,0.0,0.0,0.0,0.0,0.0,0.0
53-6031,0.76,0.19,0.04,0.01,0.0,0.0,0.0,0.0,0.0,0.0
53-6041,0.63,0.24,0.09,0.03,0.01,0.0,0.0,0.0,0.0,0.0
53-6051,0.6868686868686869,0.2525252525252525,0.050505050505050504,0.0101010101010101,0.0,0.0,0.0,0.0,0.0,0.0
53-6061,0.75,0.2,0.04,0.01,0.0,0.0,0.0,0.0,0.0,0.0
53-7011,0.9,0.08,0.01,0.01,0.0,0.0,0.0,0.0,0.0,0.0
53-7021,0.87,0.1,0.02,0.01,0.0,0.0,0.0,0.0,0.0,0.0
53-7031,0.86,0.11,0.02,0.01,0.0,0.0,0.0,0.0,0.0,0.0
53-7041,0.9393939393939393,0.050505050505050504,0.0101010101010101,0.0,0.0,0.0,0.0,0.0,0.0,0.0
53-7051,0.86,0.11,0.02,0.01,0.0,0.0,0.0,0.0,0.0,0.0
53-7061,0.97,0.03,0.0,0.0,0.0,0.0,0.0,0.0,0.0,0.0
53-7062,0.93,0.06,0.01,0.0,0.0,0.0,0.0,0.0,0.0,0.0
53-7063,0.98,0.02,0.0,0.0,0.0,0.0,0.0,0.0,0.0,0.0
53-7064,0.96,0.03,0.01,0.0,0.0,0.0,0.0,0.0,0.0,0.0
53-7065,0.79,0.16,0.04,0.01,0.0,0.0,0.0,0.0,0.0,0.0
53-7071,0.8,0.16,0.03,0.01,0.0,0.0,0.0,0.0,0.0,0.0
53-7072,0.76,0.19,0.04,0.01,0.0,0.0,0.0,0.0,0.0,0.0
53-7073,0.9,0.09,0.01,0.0,0.0,0.0,0.0,0.0,0.0,0.0
53-7081,0.97,0.02,0.01,0.0,0.0,0.0,0.0,0.0,0.0,0.0
53-7121,0.86,0.12,0.02,0.0,0.0,0.0,0.0,0.0,0.0,0.0
